8494,"升级,进级"
8497,"开明,开通"
8500,"暗流,暗潮"
8503,"严防,谨防"
8506,"呕吐,吐逆"
8509,"佛寺,梵刹,梵宇"
8512,"恶作剧,开玩笑,寻开心"
8515,"甲第,甲等,优等,头等"
8518,"拍手,鼓掌"
8521,"学费,膏火"
8524,"矢口抵赖,矢口否认"
8527,"同侪,同辈,平辈"
8530,"依依不舍,依依惜别,恋恋不舍,流连忘返"
8533,"原籍,祖籍,本籍"
8536,"过眼云烟,过眼烟云"
8539,"青春,芳华"
8542,"伙计,店员"
8545,"苍翠,碧绿,葱茏,葱翠"
8548,"陌头,街头"
8551,"小脚,金莲,弓足"
8554,"正犯,首犯,主犯"
8557,"自尽,自杀,自裁,寻短见,自戕"
8560,"说情,讨情,求情"
8563,"超级,超等"
8566,"气急败坏,怒不可遏,令人发指,恼羞成怒,义愤填膺,怒火中烧,气喘吁吁,怒气冲冲,大发雷霆,天怒人怨,勃然大怒,怒形于色,火冒三丈,气喘如牛,怒气冲天,暴跳如雷,怒发冲冠"
8569,"飘泊,漂浮,流浪,漂泊,遁迹,避难,出亡,流亡,逃亡,流落,漂流,亡命,流离,隐迹"
8572,"骄奢淫逸,金迷纸醉,醉生梦死,骄奢淫佚,灯红酒绿,纸醉金迷,酒绿灯红,花花世界,穷奢极欲,花天酒地"
8575,"大惊失色,大吃一惊"
8576,"市场,阛阓,商场,市集"
8579,"挨门逐户,挨家挨户,挨门挨户"
8582,"博览会,展览会"
8585,"云端,云霄,云表"
8588,"远景,前程,前景,前途,出息,出路"
8591,"吐花,开花,着花"
8594,"租赁,租借"
8597,"引港,领港"
8600,"凡人,常人"
8603,"骨肉,骨血"
8606,"中庸之道,不偏不倚"
8609,"撒野,撒泼"
8612,"祸端,祸胎,祸根"
8615,"学校,私塾,学塾,书院,学堂,黉舍,学宫"
8618,"历年,积年"
8621,"不必,不用,不消,无须,何必,何须"
8624,"放洋,出国,出洋"
8627,"逊位,让位,退位"
8630,"喂养,豢养,饲养"
8633,"文件,文献"
8636,"私语,切口,暗语,耳语,密语,隐语"
8639,"水患,水灾"
8642,"尘埃,灰尘,尘土"
8645,"图章,印章,钤记"
8648,"步卒,步兵"
8651,"战功,军功"
8654,"泥土,土壤"
8657,"洗涤,洗濯,洗刷,清洗,冲洗,冲刷"
8660,"祝寿,祝嘏"
8663,"立场,作风,态度"
8666,"交心,谈心"
8669,"园丁,花匠"
8672,"示威,请愿"
8675,"制品,成品"
8678,"国家,国度"
8681,"跺脚,顿脚"
8684,"舅舅,舅父,母舅,娘舅"
8687,"始作俑者,罪魁祸首"
8690,"棋战,对弈,弈棋,下棋,奕棋"
8693,"妊妇,孕妇"
8696,"半途,中途,半路"
8699,"袅袅婷婷,亭亭玉立"
8702,"直观,直觉"
8704,"入耳,中听"
8707,"长生,永生"
8710,"波涛,波澜"
8713,"聪明才智,聪明智慧"
8716,"蠹虫,蛀虫"
8719,"房屋,衡宇"
8722,"炸药,火药"
8725,"分析,剖析,解析"
8728,"铁蒺藜,铁丝网"
8731,"情面,人情"
8734,"言之有理,言之成理"
8737,"天南海北,翻山越岭,仆仆风尘,不辞劳苦,餐风饮露,千里迢迢,风餐露宿,栉风沐雨,跋山涉水,草行露宿,不远万里,抗尘走俗,不远千里"
8740,"重新,再行,从新,从头"
8743,"招降纳叛,招兵买马"
8746,"同归于尽,玉石俱焚,鸡飞蛋打,两败俱伤,两虎相争,人财两空"
8749,"偷梁换柱,移花接木,冒名顶替,移宫换羽,移天换日"
8752,"驾雾腾云,腾云驾雾"
8755,"审讯,审判"
8758,"宽大为怀,宽宏大量,网开一面"
8761,"归来,回来"
8764,"电影,影戏,片子"
8767,"倾盆大雨,大雨滂沱,滂沱大雨,瓢泼大雨,大雨如注"
8770,"对联,春联,对子"
8773,"繁琐,琐碎"
8776,"血缘,血统"
8779,"羽翼,翅膀,同党,党羽"
8782,"承载,运载"
8785,"膳食,炊事,伙食"
8788,"修业,求学,肄业,肆业"
8791,"死尸,骸骨,尸骨,尸骸"
8794,"突显,凸显"
8797,"玉盘,玉环,月亮,玉轮,玉蟾"
8800,"除夕,年夜,大年夜,除夜"
8803,"关怀备至,体贴入微,无所不知,无微不至,感同身受,无所不至"
8806,"趔趄,踉跄"
8809,"刺耳,难听"
8812,"条文,条规"
8815,"牲畜,牲口"
8818,"惨无天日,漆黑一团,暗无天日,不见天日,天昏地暗,神志不清,昏天黑地"
8821,"噩梦,梦魇"
8824,"步步高升,步步登高"
8827,"多半,大都,多数"
8830,"上次,前次"
8834,"夏天,夏日,夏令,夏季"
8837,"贫血,血虚,血亏"
8840,"夸口,夸耀,卖弄,吹法螺,吹牛,炫耀"
8843,"邀功,要功"
8846,"低三下四,低声下气"
8849,"不堪,不胜"
8852,"日记,日志"
8855,"隔邻,邻居,近邻,邻人,隔壁"
8858,"幽灵,鬼魂,幽魂,阴魂"
8861,"瘦骨如柴,仙风道气,仙风道骨"
8864,"触怒,惹恼"
8867,"神人,超人"
8870,"盛装,艳服"
8873,"戈壁,沙漠"
8876,"攀附,攀援,高攀"
8879,"潮水,潮流"
8882,"话不投机,交浅言深,语不投机"
8885,"市廛,店肆,商号,商店,商铺,店铺,市肆"
8888,"阵线,战线"
8891,"令郎,公子"
8894,"谜底,答案"
8897,"系缚,捆扎,绑缚,捆绑"
8900,"小船,划子"
8903,"手表,腕表"
8906,"盛德,大德"
8909,"名片,手刺"
8912,"大姨,阿姨,姨妈,姨娘"
8915,"蔚成风气,约定俗成,蔚然成风,相沿成习"
8918,"跑码头,走江湖,跑江湖"
8921,"扬长避短,取长补短"
8924,"居所,寓所,住处"
8927,"供不应求,投闲置散,十羊九牧,粥少僧多,杯水车薪,无济于事,求过于供,僧多粥少,于事无补,人浮于事"
8930,"离隔,隔开"
8933,"勒令,迫令"
8936,"泛爱,博爱"
8939,"放松,松开"
8942,"短工,散工"
8945,"成群结队,三五成群"
8948,"奔腾,飞跃"
8951,"丧事,凶事"
8954,"某人,或人"
8957,"得病,抱病,生病,害病,患病,染病"
8962,"付梓,排印"
8965,"列传,传记"
8968,"编纂,编辑"
8971,"编录,辑录"
8974,"末路,死路,绝路"
8977,"检束,检点,检核"
8980,"广告,告白"
8983,"风扇,电扇"
8986,"可恨,可憎,可恶"
8989,"废话,空言,空话,空论"
8992,"为民除害,除暴安良"
8995,"倾斜,歪斜"
8998,"羞恨,羞愤"
9001,"显赫,显耀"
9004,"蛋白,卵白"
9007,"公事,公务"
9010,"写作,写稿"
9013,"见智见仁,见仁见智"
9016,"斑点,黑点"
9019,"横死,非命"
9022,"不论,无论,非论"
9025,"证书,文凭"
9028,"香闺,内室,闺阁,闺房"
9031,"卷烟,烟草,香烟,纸烟"
9034,"撒谎,扯谎,说谎"
9037,"猛将,虎将"
9040,"毛笔,羊毫"
9043,"西岳,华山"
9046,"尔后,而后"
9049,"皇室,王室"
9052,"学问,常识,知识"
9055,"替古人担忧,庸人自扰,杞人忧天"
9058,"如箭在弦,箭在弦上,矢在弦上"
9061,"高等,高档,高级"
9064,"托钵,讨饭,乞食"
9067,"寒意,凉意"
9070,"如意算盘,一厢情愿"
9073,"斑纹,花纹"
9076,"落叶归根,马放南山,故土难离,解甲归田,刀枪入库"
9079,"将计就计,以其人之道，还治其人之身"
9082,"引人入胜,回味无穷,耐人寻味"
9085,"口吻,语气,口气"
9089,"超额,逾额"
9092,"叛逃,潜逃"
9095,"高歌,高唱"
9098,"激辩,舌战"
9101,"东道主,东道主人"
9104,"捶打,敲击,敲打"
9107,"误期,失言,失期,爽约,背约,食言,走嘴,负约,违约,失口,背信,失信,失约"
9110,"围剿,剿灭,清剿,剿除"
9113,"阻绝,杜绝"
9116,"翻滚,翻腾"
9119,"乳名,小名,奶名"
9122,"成人,大人"
9125,"肉瘤,赘瘤"
9128,"后记,跋文"
9131,"伏罪,服罪,认罪"
9134,"血肉横飞,血肉模糊"
9137,"购置,购买,采购,置备,采办"
9140,"百感交集,悲喜交集,感慨万端"
9143,"钱币,货泉,泉币,货币"
9146,"侏儒,矬子,矮子"
9149,"烽火,狼烟,战火"
9152,"萍水相逢,素不相识,素昧平生"
9155,"贬值,缩水"
9158,"渔夫,渔人"
9161,"转眼之间,好事多磨,好景不常,乐极生悲,曾几何时,弹指之间,稍纵即逝,一朝一夕,转瞬之间,昙花一现,一时半刻,好景不长"
9164,"史册,史籍,汗青,历史,史乘,史书"
9167,"渗入,渗透,分泌,排泄"
9170,"阴晦,黯淡,墨黑,昏暗,漆黑,阴雨,暗淡,阴沉,黝黑,灰暗,乌黑,阴暗,幽暗,黑暗,阴霾,黯澹,晦暗,阴郁"
9173,"赛马,跑马"
9176,"承情,领情"
9179,"感德,感恩,戴德"
9182,"巷子,小路,小径,小道"
9185,"手印,指摹"
9188,"岩穴,山洞"
9191,"风云人物,风流人物"
9194,"眩晕,昏迷,昏厥,晕厥"
9197,"溺毙,灭顶,溺死"
9200,"牢记,铭记,服膺,切记,记得,谨记,铭刻"
9203,"偏疼,偏爱,偏心"
9206,"初学,入门"
9209,"学子,学生,门生,学徒,高足,弟子"
9212,"岔路,歧路,支路"
9215,"对准,瞄准"
9217,"空门,佛门"
9220,"假日,沐日"
9223,"庄稼,农事,稼穑"
9226,"丰产,丰收"
9229,"特效,殊效"
9232,"司理,经理"
9235,"顾客,主顾,顾主"
9238,"投缳,吊颈,自缢,悬梁,上吊"
9241,"新式,新型"
9244,"折腰,垂头,低头"
9247,"故交,旧友,故人,故友,素交,故旧"
9250,"民风,风气,习惯,风俗,民俗,习气,风尚,习俗,习性"
9253,"近亲,天伦,嫡亲,至亲"
9256,"莠民,败类"
9259,"复员,退役,退伍,改行,转业"
9262,"偷安,苟安"
9265,"做官,仕进"
9268,"宗族,系族"
9271,"收尾,扫尾"
9274,"弟妇,弟媳"
9277,"失而复得,珠还合浦,合浦还珠,合浦珠还,原璧归赵"
9280,"毒手,辣手,棘手"
9283,"客居,旅居"
9286,"一丝不挂,赤身裸体"
9289,"泰西,欧美,西洋"
9292,"岳父,丈人,岳丈"
9295,"体格,体魄"
9298,"习用,惯用"
9301,"反璧,返璧,偿还,奉还,奉璧,送还,清偿,归还,了债,璧还,退回"
9304,"茕居,独居"
9307,"牢狱,缧绁,监仓,监狱,监牢"
9310,"饰演,扮演"
9313,"与日俱增,成年累月,有增无已,日积月累,积少成多"
9316,"风华正茂,年富力强,孔武有力,身强力壮,拔山举鼎,年轻力壮"
9319,"天黑,入夜"
9322,"踵事增华,发扬光大"
9325,"兜售,兜销"
9328,"污名,恶名"
9331,"作弊,舞弊"
9334,"正路,正式,正轨,正途,正规,正道"
9337,"经籍,经书"
9340,"青鸟使,使者,使臣"
9343,"治病救人,救死扶伤"
9344,"窥见一斑,窥豹一斑"
9347,"宝塔,浮图,浮屠"
9350,"焚烧,点燃,燃烧,点火"
9353,"锻造,铸造"
9356,"空腹,空心,枵腹"
9359,"前列,前哨,前方,前线,火线,前面"
9362,"天理难容,天理昭彰"
9365,"财路,财源"
9368,"热火朝天,万马奔腾,热气腾腾"
9371,"初级,低级"
9374,"路过,途经"
9377,"共享,分享"
9380,"佃农,租户,佃户,房客"
9383,"病从口入,病由口入"
9386,"抱头鼠窜,不辞而别,溜之大吉,桃之夭夭,逃之夭夭"
9389,"失业,赋闲"
9392,"实物,什物"
9395,"图书,文籍,典籍"
9398,"退化,老化"
9401,"木工,木匠"
9404,"先声夺人,先下手为强,先发制人"
9407,"先人后己,舍己为人"
9410,"贫民,穷人"
9413,"山川,山水"
9416,"粗壮,粗大"
9419,"闪开,让开"
9422,"掩袭,偷袭,狙击"
9425,"心上人,意中人"
9428,"百般,千般,各种,多样,各样,万般,种种"
9431,"当地,本地"
9434,"葬送,安葬,埋葬,掩埋"
9437,"越狱,逃狱"
9440,"拼死,冒死,拼命,拚命"
9443,"乖巧,听话"
9446,"轻佻,轻浮,轻狂,轻薄,浮滑"
9449,"佳话,韵事,美谈,嘉话"
9452,"农具,耕具"
9455,"山公,猴子"
9458,"索要,提取,索取"
9461,"辞书,词典"
9464,"转达,传达,传递,通报"
9467,"乞假,请假,告假"
9470,"青蛙,田鸡"
9472,"牌坊,牌楼"
9475,"监犯,囚徒,犯人,阶下囚,罪犯,囚犯,罪人"
9478,"众叛亲离,不得人心"
9481,"属员,部下,辖下,下级,属下,部属,下属,手下,治下"
9484,"盘货,清点,盘点"
9487,"仰药,服毒"
9490,"玩具,玩物"
9493,"一举两得,一石二鸟,一箭双雕,两全其美,一箭双鵰"
9496,"相片,像片,照片"
9499,"发傻,发楞,发呆"
9502,"举家,合家,全家,百口"
9505,"岑岭,高峰"
9508,"一天,终日,成天,整天,竟日,镇日,整日"
9511,"起飞,升空,升起"
9514,"承上启下,承前启后,承先启后,继往开来"
9517,"大处着眼,大处落墨"
9520,"定义,界说"
9523,"恶徒,坏人,暴徒,歹徒,凶徒,奸人,凶人,恶人"
9526,"矫枉过正,过犹不及"
9529,"萌芽,发芽,抽芽"
9532,"歪歪扭扭,歪七扭八"
9535,"今世,当代,现代"
9538,"青天,上苍,苍天,彼苍"
9541,"草鞋,芒鞋"
9544,"窈窕淑女,沉鱼落雁,羞花闭月,秀色可餐"
9547,"模子,模型"
9550,"若隐若现,若有若无"
9553,"汽船,轮船"
9556,"施工,动工,兴工,开工"
9559,"陵寝,陵园"
9562,"民生国计,国计民生"
9565,"买通,打通"
9568,"刊登,登载"
9571,"艺人,优伶,演员,伶人,戏子"
9574,"元勋,功臣"
9577,"受惠,沾恩"
9580,"湿润,潮湿"
9583,"举事,起事,发难"
9586,"如斯,如此,云云,如许,这样"
9589,"基层,下层"
9592,"舶来品,来路货,进口货,水货"
9595,"一朝,一旦"
9598,"残茶剩饭,残羹冷炙,残羹剩饭"
9602,"重生,新生,复活,更生,再生,复生,再造,回生"
9605,"停车,泊车"
9608,"接风,拂尘"
9611,"溢于言表,意在言外"
9614,"分派,分拨,分配"
9617,"卒业,毕业,结业"
9620,"上级,上司"
9623,"不修边幅,囚首垢面,蓬头垢面"
9626,"墓穴,泉台"
9629,"完蛋,垮台,塌台"
9632,"掉臂,不顾"
9635,"迢遥,遥远,远处,远方"
9638,"用途,用处,用场"
9641,"口传心授,口耳相传"
9644,"财主,大亨,富翁"
9647,"厮混,胡混,鬼混"
9650,"谐谑,戏谑,调笑"
9653,"谋生,餬口,营生"
9656,"出入,收支,相差,进出"
9659,"正人,君子"
9662,"鄙陋,猥琐"
9665,"诸君,各位,诸位,列位"
9668,"掉包,偷换"
9671,"长袖善舞,多财善贾"
9674,"耐力,耐性,耐烦,耐心"
9677,"运费,运脚"
9680,"共鸣,共识"
9683,"包办代替,越俎代庖"
9686,"中文,汉文"
9689,"深居简出,足不出户"
9692,"朝日,向阳,清早,早上,晨光,清晨,天亮,平明,破晓,晨曦,早晨,黎明,旭日,凌晨,平旦,朝阳,曙光,拂晓"
9695,"桂花,木樨"
9698,"年尾,腊尾,年关,岁暮,年底,年末,岁终,年终"
9701,"州里,乡镇"
9704,"淮南鸡犬,一子出家，七祖升天,鸡犬升天"
9707,"戎行,部队,步队,队列,行列,队伍,军队"
9710,"重办,严惩"
9713,"会堂,礼堂"
9716,"南边,南方"
9719,"塌陷,沉陷,坍塌"
9722,"光前裕后,光宗耀祖"
9725,"处死,正法"
9730,"炎热,闷热,酷热,炽烈,燥热,炙热,火热,炽热,灼热"
9733,"女郎,仙女,少女"
9736,"淘汰,落选,出局,裁汰,落第"
9739,"为人师表,率马以骥"
9742,"峻岭,高山"
9745,"亵服,内衣"
9748,"文体,体裁"
9751,"派别,流派,家数,宗派,门户"
9754,"互市,通商"
9757,"弥天大谎,欺人之谈"
9760,"旗头,旗手"
9763,"天宫,玉阙"
9766,"仕途,宦途"
9769,"传教,布道,宣道,宣教"
9772,"焚书坑儒,焚典坑儒"
9775,"深思远虑,步步为营,老成持重,稳扎稳打,四平八稳,从长计议,少年老成"
9778,"鬼魅,鬼怪"
9781,"悬崖,绝壁,峭壁,危崖"
9784,"冷风,凉风"
9787,"遥遥无期,长此以往,天长日久,久而久之,日久天长,天荒地老,旷日持久,经年累月,长年累月,猴年马月"
9790,"服役,入伍,参军,执戟,从军,当兵,从戎,投军"
9793,"仪表堂堂,一表人才,一表非凡,飒爽英姿"
9796,"召募,募集"
9799,"记录,纪录,记载,记实"
9802,"挂花,负伤,挂彩"
9805,"权宜之策,缓兵之计,权宜之计"
9808,"喜剧,笑剧"
9811,"平反,昭雪,雪冤,申雪"
9814,"启航,启碇,解缆,起程,启程,开航,开赴,动身,出发,开拔"
9817,"欺善怕恶,厚此薄彼,欺软怕硬,吐刚茹柔"
9820,"上面,上边"
9823,"耳聪目明,心明眼亮"
9826,"爪牙,走卒,走狗,虎伥,喽啰,鹰犬"
9829,"手杖,拐杖"
9832,"划船,荡舟"
9835,"在世,活着"
9838,"急流,激流"
9841,"敌手,对手"
9844,"疑难,疑问,疑义"
9847,"白皙,白净"
9850,"朗诵,诵读"
9853,"海外,外洋"
9857,"医师,医生,大夫"
9860,"东洋,东瀛"
9863,"响马,盗贼"
9866,"悬念,疑云,疑团"
9869,"食品,食物"
9872,"表里,内外"
9875,"配房,厢房"
9878,"人迹罕至,渺无人烟,荒无人烟,地广人稀"
9881,"内政,内务"
9884,"留步,停步,止步"
9887,"此次,这次"
9890,"酒店,旅舍,旅社,仓库,堆栈,栈房,旅馆,客栈,货仓,旅店,客店"
9893,"经纪,中人,掮客,牙郎,牙人"
9896,"左计,失察,失计,失算,失策"
9899,"首相,宰相,辅弼,宰衡,宰辅"
9902,"摄影,拍照,照相"
9905,"其后,自后,后来"
9908,"抽空,抽暇,抽闲"
9911,"水涨船高,情随事迁"
9914,"地区,地域,区域"
9917,"另辟蹊径,大破大立,花样翻新,与众不同,独辟蹊径,别树一帜,异乎寻常,破旧立新,移风易俗,不破不立,独树一帜,吐故纳新,独出心裁,别出心裁,别开生面,标新立异,除旧布新,独具匠心,另起炉灶,推陈出新,别具一格,革故鼎新,异军突起"
9920,"法令,国法,执法,公法,王法,司法,法律,功令"
9923,"仲裁,评断,评议"
9926,"农历,阴历,旧历,夏历"
9929,"顶用,中用"
9932,"缄口,钳口,闭口,箝口,绝口,杜口"
9935,"谋事,找事"
9938,"人命关天,非同小可,非同寻常"
9941,"本位主义,个人主义"
9944,"港口,口岸"
9947,"寸心,寸衷"
9950,"力争,力图,力求"
9953,"横竖,归正,反正"
9956,"缔结,订立,签订,签署"
9959,"个中,其中"
9962,"劲敌,强敌"
9965,"档子,案卷,档册,档案"
9968,"引见,推荐,选举,介绍,保举,推举,举荐,推选"
9971,"活捉,生擒"
9974,"失事,出事"
9977,"工头,领班"
9980,"狼吞虎咽,饥不择食,食不甘味,慌不择路,大吃大喝"
9983,"投契,图利,牟利,渔利,投机"
9985,"只言片语,三言两语,简明扼要"
9988,"同学,同窗,同砚"
9991,"自持,矜持"
9994,"文不对题,答非所问"
10000,"权力,职权,权利,权益,权柄"
10003,"告饶,求饶,讨饶"
10006,"功课,作业"
10009,"生性,素性"
10012,"均衡,平衡"
10015,"谍报,情报"
10018,"羞惭,对不起,羞愧,道歉,汗颜,告罪,陪罪,抱歉,惭愧,歉仄,自卑,羞赧,抱愧,内疚,愧疚"
10021,"去处,行止,去向"
10024,"陈迹,印迹,影迹,痕迹,萍踪,行踪,脚迹,影踪,踪影,足迹,脚印,踪迹"
10027,"劳苦功高,丰功伟绩,汗马功劳"
10030,"共谋,同谋,协谋,合谋"
10033,"背工,后手,夹帐,回扣"
10036,"细软,首饰,饰物"
10039,"皮毛,外相"
10042,"反其道而行之,反治其身"
10045,"黑钱,陋规"
10048,"奇形怪状,稀奇古怪,一望无际,各色各样,多种多样,无边无际,包罗万象,一应俱全,面面俱到,形形色色,无穷无尽,五花八门,漫无边际,光怪陆离,各式各样,千奇百怪,林林总总,丰富多采,应有尽有,无所不包,一马平川,五光十色,斑驳陆离,各种各样"
10051,"气味,气息"
10054,"气绝,断气"
10057,"临蓐,生产,出产,分娩,临盆,坐蓐,坐褥"
10060,"空白,空缺"
10063,"执政,在朝"
10066,"洗礼,浸礼"
10069,"登场,登台,上台"
10072,"养痈成患,后患无穷,姑息养奸,养虎伤身,贻害无穷,遗祸无穷,养痈遗患,养虎遗患"
10075,"大量,许多"
10078,"机遇,机缘,时机,机会"
10081,"艰涩,晦涩"
10084,"盲人,瞽者,瞎子"
10087,"将领,将军"
10090,"以后,往后,此后,以来,以还,今后,从此"
10093,"落发,出家,削发"
10096,"田里,田庐"
10099,"拉三扯四,拉拉扯扯"
10102,"若何,怎么,何如,怎样,奈何,如何"
10105,"浪子回头,临崖勒马,弃恶从善,迷途知返,茅塞顿开,豁然大悟,如梦方醒,豁然开朗,如梦初醒,恍然大悟,豁然贯通,幡然悔悟,悬崖勒马"
10108,"善意,善心,好意,好心,美意"
10111,"猛烈,激烈,强烈,热烈,剧烈"
10112,"地理,地舆"
10115,"衣裳,衣服,衣着"
10118,"佛学,梵学"
10121,"百思不得其解,百思不解"
10124,"赝品,假货"
10127,"附属,从属,隶属"
10130,"锦囊妙计,灵丹妙药"
10133,"厚交,至交,帮凶,友人,良知,同伙,知友,密友,知交,心腹,深交,贴心,知音,知己,同伴,相知,老友,亲信,伴侣,朋友,知心,伙伴,朋侪,石友,诤友,至好,挚友,兰交"
10136,"借债,乞贷,借款,告贷"
10139,"政府,当局"
10142,"最好,最佳"
10145,"济济一堂,座无虚席"
10148,"耳闻则诵,潜移默化,耳熟能详,耳濡目染,耳闻目睹,潜移暗化,熟能生巧"
10151,"庙门,山门"
10154,"妆奁,嫁奁,嫁妆"
10157,"案牍,文案"
10160,"策略,战略,兵法,战术,兵书,计谋,政策"
10163,"磕头,叩头,叩首"
10166,"海军,水师,舟师,水兵"
10169,"通讯,通信"
10172,"降生,诞生,出世,门第,身世,出身,家世,出生"
10175,"长者,父老,长辈,尊长"
10178,"轮替,轮流,轮换,轮番"
10181,"闲逛,闲荡"
10184,"详述,胪陈"
10187,"冷飕飕,冷冰冰"
10190,"构造,圈套,罗网,机关,布局,坎阱,陷坑,陷阱,骗局,组织,结构"
10193,"流离转徙,离乡背井,无家可归,妻离子散,背井离乡,流离颠沛,浪迹天涯,颠沛流离,荡析离居,流离失所,家破人亡,四海为家"
10196,"花卉,花草"
10199,"澎湃,彭湃,汹涌"
10202,"人才辈出,人才济济"
10205,"盗窟,山寨"
10208,"障蔽,屏蔽,屏障,樊篱"
10211,"火油,石油,煤油"
10214,"眼下,如今,现时,当前,目前,而今,目下,现在,面前,刻下,今朝,此刻,当今,方今,眼前"
10217,"人道,人性"
10220,"佛教,释教"
10223,"一线生机,一息尚存"
10226,"水平,程度"
10229,"朝秦暮楚,言而无信,出尔反尔,口惠而实不至,朝三暮四,朝令夕改,自食其言,食言而肥,反复无常,空头支票,翻云覆雨"
10232,"远亲不如近邻,远水不救近火"
10235,"密斯,女士,小姐,姑娘"
10238,"那边,何处,哪里,那里,那儿"
10240,"其它,其余,另外,此外"
10243,"满腹狐疑,满腹疑团"
10246,"抛掷,投掷"
10249,"守财奴,吝啬鬼"
10252,"大惊小怪,蜀犬吠日,少见多怪,小题大做"
10255,"况且,并且,而且,何况"
10258,"孝敬,孝顺"
10261,"聚餐,会餐"
10264,"险峻,峻峭,陡峭"
10267,"怙恃,父母"
10270,"招聘,雇用"
10273,"三人成虎,以讹传讹,谬种流传"
10276,"外乡,外地,外埠,他乡,外路,异乡,异地,异域,外方"
10279,"夜间,夜晚,傍晚,黑夜,黄昏,晚上"
10282,"没收,充公"
10285,"家境,家道"
10288,"数目,数量"
10291,"心如刀割,五内如焚,肝肠寸断"
10294,"摄生,养生"
10297,"单子,单据,票据"
10300,"失慎,不慎"
10303,"幽冥,九泉,地府,阴司,鬼门关"
10306,"只消,只要"
10309,"金碧辉煌,美不胜收,灿烂辉煌,琳琅满目,富丽堂皇"
10312,"恋人,爱人,情人"
10315,"浪潮,海潮"
10318,"恩情,恩德,恩典,恩泽,恩惠,恩义,膏泽"
10321,"惶惑,惶遽,惶惶"
10324,"礼物,礼品"
10327,"攀话,攀谈,扳话,扳谈,交谈"
10330,"除外,以外"
10333,"斑白,花白"
10336,"完稿,脱稿"
10339,"立锥之地,方寸之地,置锥之地,弹丸之地"
10342,"政事,政治"
10345,"龋齿,蛀牙"
10348,"照射,照耀,映照"
10351,"山人,隐士"
10354,"止宿,过夜,歇宿,留宿,住宿"
10357,"陶然,欢然,怡然,欣然"
10360,"天道好还,天网恢恢"
10363,"玩笑,打趣"
10366,"首恶,元凶"
10370,"资产,财产,家当,产业,家产,财富,工业,物业"
10373,"亨衢,大路,通衢"
10376,"目击,目睹,眼见"
8493,"成全,玉成"
8496,"坦克车,装甲车"
8499,"一无所获,一无所得"
8502,"万能,全能"
8505,"卓有成效,立竿见影,行之有效"
8508,"官司,讼事"
8511,"白昼,白天,日间,白日"
8514,"献艺,演出,表演,献技"
8517,"名噪一时,名震一时,声誉鹊起"
8520,"故国,祖国"
8523,"安家,安居,立足,存身,安身,容身,驻足,藏身"
8526,"指正,斧正,郢正,匡正,郢政"
8529,"晨钟暮鼓,当头棒喝,当头一棒"
8532,"步行,走路"
8535,"录音,灌音"
8538,"旅途,旅程,路程,行程"
8541,"蝉联,留任,连任"
8544,"坐而论道,徒托空言,纸上谈兵"
8547,"当事者,事主,本家儿,当事人"
8550,"镇守,坐镇"
8553,"坑蒙拐骗,坑绷拐骗"
8556,"远近,遐迩"
8559,"结亲,联姻,联婚,攀亲"
8562,"帆船,风帆"
8565,"放火,纵火"
8568,"就是,即是,等于,便是"
8571,"坐罪,治罪,科罪,定罪"
8574,"裁缝,成衣"
8578,"预定,预订"
8581,"大将,上将"
8584,"高堂大厦,高楼大厦"
8587,"减价,削价,降价,贬价,跌价,落价"
8590,"夙兴,早起"
8593,"军营,虎帐,兵营"
8596,"多么,何等"
8599,"行贿,贿赂"
8602,"狂风,暴风"
8605,"度日,过活"
8608,"逐一,一一"
8611,"示范,演示"
8614,"盘缠,旅费,路费,盘川,水脚,川资,盘费"
8617,"迫害,毒害"
8620,"恶意,歹意"
8623,"客厅,客堂"
8626,"书房,书斋,芸窗"
8629,"把脉,评脉,切脉,诊脉"
8632,"乞降,求和"
8635,"谛听,倾听,凝听,聆听,细听"
8638,"一面之辞,一面之词,偏听偏信"
8641,"论理学,名学,逻辑学"
8644,"沸水,滚水,热水,开水"
8647,"呱呱堕地,呱呱坠地"
8650,"职工,员工"
8653,"过火,偏激"
8656,"稚嫩,娇嫩"
8659,"同业,同行,偕行"
8662,"嫡系,嫡派,直系"
8665,"逐日,每日"
8668,"亲事,婚事"
8671,"吹捧,揄扬,吹嘘"
8674,"奸商,市侩"
8677,"定名,命名"
8680,"演奏,吹奏"
8683,"落款,题名"
8686,"星期,礼拜"
8689,"军人,甲士,武士"
8692,"诨名,绰号,外号,混名,花名"
8695,"血流成河,血流如注"
8698,"速度,速率"
8701,"滞留,淹留"
8706,"祸从天降,晴天霹雳"
8709,"死气,暮气,老气"
8712,"发热,发烧"
8715,"王八蛋,混蛋"
8718,"轮回,循环"
8721,"交织,交叉,交错"
8724,"讲义,教材,课本"
8727,"浴池,混堂,澡堂,浴室"
8730,"中官,阉人,宦官,寺人,太监"
8733,"面试,口试"
8736,"悲欢离合,生离死别"
8739,"此生,今生"
8742,"孑然一身,孤家寡人,单枪匹马,无依无靠,形单影只,孤军奋战,顾影自怜,举目无亲,孤苦伶仃"
8745,"风云变幻,变化多端,变幻莫测,变化无穷,风云突变,变化无常,千变万化,摇身一变,变化莫测,白云苍狗,瞬息万变"
8748,"卑鄙龌龊,不堪入目,行同狗彘"
8751,"同盟,联盟"
8754,"勤勤恳恳,任劳任怨,任怨任劳"
8757,"躬行,亲自,亲身,切身"
8760,"眼睁睁,眼巴巴"
8763,"征程,征途"
8766,"来岁,明年"
8769,"标兵,尖兵,哨兵,斥候"
8772,"小巫见大巫,相形见绌"
8775,"不可企及,望尘莫及,不可逾越"
8778,"吃饭,用膳,用饭"
8781,"安在,何在"
8784,"字迹,笔迹"
8787,"将近,快要"
8790,"写照,写真"
8793,"自夸,自诩"
8796,"失路,迷途"
8799,"到手,得手"
8802,"地道,隧道"
8805,"名士,名人,绅士,闻人,名流"
8808,"啼饥号寒,嗷嗷待哺,饥寒交迫"
8811,"浪子,荡子"
8814,"叫花子,乞丐"
8817,"频年,近年,连年,比年"
8820,"不打不相识,不打不成相识"
8823,"虎皮,皋比"
8826,"日夜,昼夜"
8829,"可喜,可乐"
8833,"老式,旧式"
8836,"土头土脑,土气"
8839,"补充,填充,填补,加添,抵偿,补偿,赔偿,弥补"
8842,"宰杀,屠宰"
8845,"淡淡,浅浅"
8848,"等级,品级,等第"
8851,"严办,严处"
8854,"疲惫不堪,筋疲力尽,精疲力竭,精疲力尽"
8857,"关口,关隘"
8860,"亲朋,亲友"
8863,"借贷,假贷"
8866,"高招,高着儿,高作,高着"
8869,"发行,刊行"
8872,"不可开交,不亦乐乎"
8875,"异口同声,众口一词,不谋而合,异曲同工,如出一口,殊途同归,不约而同"
8878,"委曲求全,逆来顺受,唾面自干,忍气吞声,忍辱负重,含垢忍辱,犯而不校,相忍为国"
8881,"家丁,厮役,仆役,仆人,佣人,西崽"
8884,"相辅相成,相得益彰"
8887,"骨干,主干"
8890,"思绪,思路"
8893,"不理,不睬"
8896,"神通广大,三头六臂"
8899,"兼容并包,兼而有之,兼收并蓄"
8902,"让与,让渡,转让"
8905,"歧途,邪路,邪途"
8908,"合时,适时,应时,当令"
8911,"宅兆,坟墓"
8914,"说明书,仿单"
8917,"发射,放射"
8920,"如夫人,小星,小老婆,细姨"
8923,"穿戴,穿着"
8926,"苍白,灰白,惨白"
8929,"唠叨,叨唠,絮叨,絮聒,啰嗦"
8932,"卧室,寝室"
8935,"追根究底,刨根问底,寻根究底"
8938,"大张挞伐,口诛笔伐,兴师问罪"
8941,"经办,包揽,包办,承办"
8944,"奸臣,奸贼,佞臣"
8947,"祭奠,祭祀"
8950,"乘车,搭车,坐车"
8953,"宗子,长子"
8956,"地动,地震"
8959,"阴间,地狱"
8961,"头颅,脑袋"
8964,"分内,本分,天职,本职"
8967,"注销,刊出"
8970,"主脉,动脉"
8973,"番邦,异邦,外国"
8976,"天井,庭院,院落,院子"
8979,"鬼摸脑壳,鬼迷心窍"
8982,"灯谜,文虎,字谜"
8985,"蔚蓝,湛蓝"
8988,"不但,不仅,不单,不只,不光"
8991,"轻装上阵,赤膊上阵"
8994,"鹄立,伫立"
8997,"短兵相接,龙争虎斗,大打出手,大动干戈"
9000,"兴废,兴替,兴衰,枯荣,隆替,盛衰,荣枯"
9003,"日落西山,弥留之际"
9006,"天方夜谭,流言蜚语,无稽之谈,不经之谈"
9009,"适口,厚味,鲜味,美味,可口,甘旨"
9012,"美女,玉人"
9015,"天下为公,天下一家"
9018,"冷言冷语,冷嘲热讽,冷语冰人"
9021,"童叟无欺,公平交易"
9024,"垫脚石,敲门砖"
9027,"并驾齐驱,齐头并进"
9030,"佳丽,美人,丽人,佳人"
9033,"不该,不应"
9036,"演义,小说"
9039,"结伙,结伴"
9042,"优惠,厚待,优待,优遇,厚遇"
9045,"缉获,缴获"
9048,"托故,藉词,藉端,托词,借端,托辞,借故,借口"
9051,"岁数,年岁,年齿,年数,春秋,年龄,年事,年纪"
9054,"户外,露天"
9057,"先驱,前驱"
9060,"抒怀,抒情"
9063,"酡颜,脸红"
9066,"同寅,同僚"
9069,"丑陋,貌寝,寝陋,丑恶,难看,丢脸"
9072,"来之不易,谈何容易"
9075,"必恭必敬,毕恭毕敬"
9078,"交班,接班"
9081,"科场,考场"
9084,"世世代代,生生世世"
9087,"通风,透风"
9088,"黄金时代,豆蔻年华"
9091,"防地,防线"
9094,"才华盖世,才华横溢"
9097,"夷狄,蛮夷,戎狄"
9100,"生果,水果"
9103,"大声,高声"
9106,"轻风,微风"
9109,"赶早,及早,趁早"
9112,"壮志凌云,雄心壮志,雄心勃勃,鸿鹄之志"
9115,"子妇,媳妇"
9118,"借字,借券,欠据,借据,借条,借单,借约"
9121,"缘分,因缘,人缘,分缘"
9124,"种别,类型,类别"
9127,"天主,上帝"
9130,"半夜三更,夜阑人静,夜深人静,万籁俱寂"
9133,"便服,燕服"
9136,"怒冲冲,气呼呼,气汹汹,气冲冲,气鼓鼓"
9139,"国学,国粹"
9142,"内在,内涵"
9145,"宴客,请客"
9148,"怪声怪气,阴阳怪气"
9151,"初度,首次,初次"
9154,"一举一动,一言一行,所作所为,一颦一笑"
9157,"筵席,酒菜,酒席"
9160,"诽语,谗言"
9163,"大水,洪水,洪流"
9166,"沙岸,沙滩"
9169,"条记,笔记,札记"
9172,"举国上下,举国一致,朝野上下"
9175,"以柔克刚,以攻为守,以屈求伸,以退为进"
9178,"投亲,探亲"
9181,"客人,来宾,宾客"
9184,"心有余悸,惊弓之鸟,谈虎色变,亡命之徒,漏网之鱼,丧家之犬,伤弓之鸟"
9187,"这边,这里,这儿"
9190,"血海深仇,新仇旧恨,深仇大恨"
9193,"奖惩,赏罚"
9196,"删减,剔除,删除"
9199,"本子,簿子"
9202,"青出于蓝,后来居上"
9205,"文臣,文吏,文官"
9208,"丹青,图画"
9211,"遥望,远望,远眺,眺望"
9214,"逍遥法外,逍遥自在"
9216,"高眼,法眼"
9219,"不负众望,不辱使命"
9222,"生人,新人"
9225,"繁花似锦,满园春色,花红柳绿"
9228,"裁员,裁人"
9231,"红彤彤,红扑扑,红通通"
9234,"厮闹,瞎闹,胡闹,歪缠,混闹"
9237,"安身之处,安身之地"
9240,"沿袭,沿用,因袭,相沿"
9243,"地痞,无赖,恶棍,混混,流氓,泼皮"
9246,"偏颇,偏畸,左袒,偏私,偏袒"
9249,"摔倒,颠仆,跌倒"
9252,"婉言,婉词"
9255,"不曾,未曾,未始,未尝"
9258,"违禁,犯禁"
9261,"永夜,长夜"
9264,"难懂,难解"
9267,"无尽,无边,无际,无穷,无限"
9270,"礼尚往来,投桃报李,有来有往,互通有无"
9273,"稳操胜券,十拿九稳,稳操胜算,垂手可得,举手投足,轻而易举,万无一失,唾手可得,易如反掌"
9276,"乱哄哄,闹哄哄"
9279,"月底,月尾,月终"
9282,"上当,上圈套,受骗"
9285,"刑场,法场"
9288,"指手画脚,比手划脚,指手划脚"
9291,"早春,初春"
9294,"长眠,长逝"
9297,"避祸,逃难"
9300,"口语,白话"
9303,"火化,火葬"
9306,"奠基,奠定"
9309,"口供,供词"
9312,"长途,远程"
9315,"狂言,大言"
9318,"刺骨,砭骨,透骨,澈骨"
9321,"冷汗,盗汗"
9324,"印子钱,高利贷"
9327,"腋臭,狐臭"
9330,"帆海,航海"
9333,"杀人如麻,生杀予夺,草菅人命,视如草芥"
9336,"建功立事,建功立业"
9339,"好战,好斗"
9342,"辩白,辩护,辩解"
9346,"睿智,贤明,英明"
9349,"都城,首都,毂下,京师,都门,国都,京城,京都"
9352,"欠安,不佳"
9355,"滋润,滋补,润泽,滋养"
9358,"妓院,娼寮,勾栏,北里,章台"
9361,"请柬,请帖"
9364,"本旨,良心,原意,本心"
9367,"天外,天际,天空,太空"
9370,"大海捞针,海中捞月,难如登天"
9373,"公馆,第宅,私邸"
9376,"碰钉子,碰壁"
9379,"侨民,外侨,移民"
9382,"再起,解答,回复,恢复,克复,复兴,光复,中兴,答复,规复,复原,收复,回答"
9385,"否认,否定"
9388,"劲头,干劲"
9391,"大功告成,万事大吉,万事亨通"
9394,"难民,哀鸿,灾民,流民,灾黎"
9397,"迫不得已,万不得已,无可奈何,必不得已,出于无奈"
9400,"热腾腾,热烘烘,热乎乎"
9403,"应考,应试"
9406,"明日黄花,时移俗易,时过境迁"
9409,"威望,威声,威名,威信"
9412,"出声,作声"
9415,"八竿子打不着,八棍子撂不着"
9418,"均匀,匀称,平均"
9421,"纷繁,纷纭,纷纷"
9424,"均摊,均派"
9427,"运送,运输,输送"
9430,"阵脚,阵地"
9433,"威风,雄风"
9436,"招徕,延揽"
9439,"人口,生齿,人丁"
9442,"积德,行善,积善"
9445,"当时,其时"
9448,"角色,脚色"
9451,"彼此,相互,互相"
9454,"立誓,赌咒,发誓,宣誓,起誓"
9457,"第三者,局外人"
9460,"后继有人,传宗接代"
9463,"告密,告发,密告"
9466,"不妥,欠妥,失当,不当,不适"
9469,"精忠报国,尽忠报国"
9474,"赏格,悬赏"
9477,"遗忘,遗留,忘怀,忘记,忘却,健忘,忘掉,淡忘"
9480,"迎头赶上,奋起直追,急起直追"
9483,"创巨痛深,声泪俱下,不堪回首,老泪纵横,涕泗滂沱,悲痛欲绝,痛定思痛,泪流满面,泪下如雨,热泪盈眶,痛哭流涕,痛不欲生,泣不成声,泪如泉涌,泪眼汪汪,潸然泪下,泪如雨下"
9486,"养分,营养"
9489,"电话,德律风"
9492,"发笑,失笑"
9495,"臭名昭著,身败名裂,臭名远扬,声名狼藉,遗臭万年"
9498,"森林,丛林"
9501,"过后,事后"
9504,"素愿,素志,夙愿"
9507,"众寡悬殊,寡不敌众,众寡不敌"
9510,"赞不绝口,赞口不绝,誉不绝口,赞叹不已"
9513,"痊愈,好转,全愈,痊可,病愈,康复"
9516,"中叶,中世"
9519,"谈天,聊天,漫谈,会谈,闲谈,商谈,闲话,闲聊,座谈,闲扯"
9522,"删节,删省"
9525,"于今,至今"
9528,"时运不济,流年不利"
9531,"十字街头,十字路口"
9534,"计上心头,情急智生,急中生智"
9537,"论资排辈,依流平进"
9540,"虚伪,失实,虚假"
9543,"寸步不离,形影不离,形影相随,难舍难分,如影随形"
9546,"抵牾,矛盾,抵触"
9549,"家族,家属,眷属,宅眷,家眷"
9552,"幽谷,深渊,深谷"
9555,"称呼,称号,称谓"
9558,"绘图,画图"
9561,"幼年,少小,年少"
9564,"梦境,黑甜乡,梦乡"
9567,"册页,书页"
9570,"簇拥,蜂拥"
9573,"罄竹难书,擢发难数"
9576,"外交,存候,致意,安慰,慰劳,谦让,应酬,慰藉,谦恭,宽慰,抚慰,问好,存问,欣慰,礼让,请安,酬酢,谦虚,致敬,社交,交际,慰问,谦逊,谦和,寒暄,问候,虚心,客气,劝慰,谦卑,安抚,客套"
9579,"上午,上昼"
9582,"舟子,舵手,梢公,水手,海员,船员"
9585,"余步,余地"
9588,"妄语,妄言"
9591,"贩子,市井,街市,估客,商人"
9594,"帷幕,帐篷,帐幕"
9597,"登岸,登陆,上岸"
9601,"小儿,赤子"
9604,"充数,凑数"
9607,"棺木,灵柩,灵榇"
9610,"自怨自艾,怨天尤人"
9613,"明示,昭示"
9616,"四时,四季,四序"
9619,"狗仗人势,营私舞弊,徇私舞弊,防患未然,狐假虎威,有恃无恐,拉帮结派,防微杜渐,结党营私,横征暴敛,贪赃枉法,有备无患,仗势欺人,敲诈勒索,以强凌弱,未雨绸缪,以防万一,倚强凌弱,曲突徙薪,巧取豪夺,以权谋私,弱肉强食,徇情枉法,贪污腐化,敲榨勒索,未焚徙薪,倚势凌人,敲骨吸髓,上下其手"
9622,"预兆,前兆,征候,先兆,征兆"
9625,"省城,省会,省垣"
9628,"捷报,喜报,喜事,吉事,喜讯,喜信"
9631,"称兄道弟,情同手足,亲如手足"
9634,"树大招风,过街老鼠,众矢之的,千夫所指"
9637,"排队,列队"
9640,"权威,巨子,巨头,巨擘"
9643,"出门,外出"
9646,"千金,令嫒,掌珠,令媛"
9649,"暗影,阴影"
9652,"娇媚,妩媚"
9655,"取信,守信"
9658,"掌上明珠,锦衣玉食,挥金如土,养尊处优,一掷千金,娇生惯养,大手大脚,穷奢极侈,鲜衣美食,一掷百万,挥霍无度,铺张浪费"
9661,"晚年,暮年,老年"
9664,"伪装,假冒,假意,假装,假充,装作,冒充"
9667,"氛围,空气,气氛"
9670,"作贼心虚,做贼心虚"
9673,"玩法,弄法"
9676,"水深火热,民不聊生,水火之中"
9679,"县长,邑宰,县令"
9682,"恩怨,恩仇"
9685,"梦寐以求,心驰神往,心向往之,求之不得"
9688,"含恨,赍恨,抱恨"
9691,"交界,接壤"
9694,"治装,束装,整装"
9697,"订亲,定亲,订婚,文定"
9700,"时时刻刻,每时每刻"
9703,"行李,行装,行囊"
9706,"鹞子,纸鸢,风筝"
9709,"炮竹,爆竹,爆仗"
9712,"纲纪,法纪"
9715,"辗转反侧,翻来覆去"
9718,"摊开,放开"
9721,"徒弟,门徒"
9724,"专制,独裁"
9727,"毒杀,鸩杀"
9729,"黑洞洞,黑沉沉,白茫茫,白花花,白晃晃,明晃晃,黑压压"
9732,"残存,废物,获利,残余,残留,赚钱,赢余,节余,红利,结余,盈利,废料,垃圾,残剩,亏本,赢利,糟粕,剩余,盈余"
9735,"好学,勤学"
9738,"亏空,亏欠"
9741,"内省,自省"
9744,"泥坑,泥淖,泥塘"
9747,"土匪,强盗"
9750,"倾注,倾泻"
9753,"插科打诨,打诨插科"
9756,"及格,合格"
9759,"统筹,兼顾,两全,分身"
9762,"闻名遐迩,名扬四海"
9765,"不成才,不长进"
9768,"洞穴,洞窟,窟窿"
9771,"万贯家财,腰缠万贯,富可敌国,富埒王侯,日进斗金,财大气粗"
9774,"先入为主,先入之见"
9777,"隔膜,隔阂"
9780,"律师,讼师"
9783,"兵士,战士"
9786,"形体,形骸"
9789,"军师,智囊"
9792,"伐罪,征伐,讨伐,征讨,诛讨,挞伐"
9795,"清醒,省悟,苏醒,惊醒,醒觉,觉悟,觉醒,复苏,醒悟,憬悟"
9798,"千疮百孔,满目疮痍"
9801,"生养,生育"
9804,"搬动,挪动,移动,蠕动,蠢动"
9807,"住户,居民"
9810,"胆识,胆子,胆量"
9813,"管帐,司帐,会计"
9816,"字正腔圆,余音绕梁,一唱三叹"
9819,"方丈,住持"
9822,"烹调,烹饪"
9825,"老是,总是"
9828,"市情,市道,市面"
9831,"入院,住院"
9834,"毕生,终生,终身"
9837,"含义,寓意"
9840,"解围,得救,获救"
9843,"执笔,援笔,握管"
9846,"男大当婚,男大须婚"
9849,"竹素,竹帛,书籍,书本"
9852,"洋娃娃,洋囝囝"
9855,"乳母,养娘,干娘"
9856,"不欢而散,拂袖而去,扬长而去"
9859,"斗殴,相打,打斗,打架"
9862,"体育场,运动场"
9865,"以至,以致,甚至,乃至"
9868,"语言,谈话,发言,措辞,说话,讲话,言语"
9871,"更阑,夜半,深夜,子夜,半夜,深宵,夜深,夜阑,午夜"
9874,"流泪,饮泣,陨泣,抽泣,呜咽,啼哭,哭泣,抽咽,啜泣,抽噎,堕泪"
9877,"屈指可数,百里挑一,沧海一粟,寥寥可数,凤毛麟角,寥若晨星,寥寥无几,一丝一毫,不可多得,九牛一毛"
9880,"在家,还俗"
9883,"前去,前往,赶赴"
9886,"闹事,生事,惹祸,闯祸,肇事,滋事,闯事"
9889,"乔装打扮,改头换面,耳目一新,洗手不干,涂脂抹粉,改邪归正,从善若流,改过自新,面目全非,文过饰非,闻过则喜,讳疾忌医,改名易姓,改过迁善,面目一新,脱胎换骨,从善如流,焕然一新,从谏如流,改名换姓,弃暗投明,洗心革面,焕然如新,痛改前非"
9892,"念书,读书"
9895,"膜拜,跪拜"
9898,"鼠目寸光,浅尝辄止,粗心大意,不求甚解,坐井观天,马马虎虎,偷工减料,井蛙之见,一得之见,好大喜功,走马观花,管见所及,一曝十寒,浮光掠影,蜻蜓点水,敷衍塞责,虎头蛇尾,敷衍了事,目光如豆,半途而废,有头无尾,好高骛远,不自量力,功亏一篑,功败垂成,走马看花,粗枝大叶,因陋就简,一目十行,前功尽灭,毛手毛脚,孤陋寡闻,不痛不痒,似懂非懂,急功近利,生吞活剥,轻描淡写,前功尽弃,沽名钓誉,眼高手低,囫囵吞枣,志大才疏,有始无终,一孔之见,急于求成,一知半解"
9901,"礼仪,礼节"
9904,"构成,组成"
9907,"得道多助,人心向背"
9910,"有用,有效"
9913,"倒塌,崩裂,崩塌,倾圮"
9916,"菲薄,微薄"
9919,"制度,轨制"
9922,"土话,土语,乡音,方言,土音"
9925,"盖世无双,天下第一"
9928,"便捷,便利,方便,便当"
9931,"以儆效尤,杀鸡儆猴,杀一儆百"
9934,"成本,本钱,资本,资金,血本"
9937,"靠山,布景,后台,背景"
9940,"军装,戎服,戎衣"
9943,"小型,袖珍"
9946,"飞驰,飞奔,疾驰"
9949,"入口,进口"
9952,"夙兴夜寐,起早摸黑,起早贪黑"
9955,"魂灵,魂魄,精力,灵魂,元气,心灵,精神"
9958,"自讨苦吃,自投罗网,自取灭亡,自作自受,引火烧身,咎由自取,罪有应得,玩火自焚,自食其果,自掘坟墓,飞蛾扑火"
9961,"蜡烛,烛炬"
9964,"约定,商定"
9967,"受贿,纳贿"
9970,"街头巷尾,四面八方,大街小巷,五湖四海"
9973,"立案,注册,挂号,备案,登记,存案"
9976,"国界,边陲,国土,邦畿,领土,河山,疆域,疆土,版图,领地,边境,边疆"
9979,"构想,构思"
9982,"要冲,冲要,要路"
9984,"身材,肉体,身体,身段"
9987,"金钱,款项,款子"
9990,"凉快,清凉,凉爽"
9993,"比如,比方,比喻,好比,例如,譬喻"
9996,"老人,白叟,老头,老翁"
9999,"伤风,感冒"
10002,"喜洋洋,喜滋滋,乐滋滋,乐陶陶"
10005,"祈祷,祷告"
10008,"拜年,贺年"
10011,"发疯,癫狂,发狂"
10014,"人间,阳世,尘凡,阳间,尘寰,世间,人世,尘世,尘间,凡间,红尘"
10017,"调拨,挑唆"
10020,"达到,到达,抵达,来到"
10023,"鄙谚,俗谚,俚语,俗语,俗话"
10026,"行驶,行进"
10029,"颠倒,倒置"
10032,"打猎,狩猎"
10035,"兵舰,战舰,艨艟,战船,军舰"
10038,"携手,联袂"
10041,"河流,河道"
10044,"货物,物品,货色,货品"
10047,"必要,需求,需要,须要"
10050,"鸳侣,配头,夫妇,匹俦,伉俪,配偶,妃耦,佳耦,佳偶,夫妻"
10053,"以前,过去,已往,曩昔,早年,当年,昔时,畴昔,往日,夙昔,旧日,往常,从前,昔日,往时,向日"
10056,"邪念,杂念"
10059,"按时,实时,守时,及时,定时,准时"
10062,"财政,财务"
10065,"题目,问题,标题"
10068,"挪用,移用,调用"
10071,"风云际会,胜友如云,高朋满座"
10074,"理当,应当,应该,该当"
10077,"留住,留下"
10080,"停泊,停靠"
10083,"仍然,效法,仿照,一经,还是,常规,旧例,如故,照例,仿造,仍是,临摹,鉴戒,向例,效尤,效颦,模拟,已经,常例,曾经,仿制,依旧,仿效,通例,老例,摹仿,照旧,惯例,依然,仍旧,模仿,也曾,照样,借鉴"
10086,"说起,提及"
10089,"推拿,按摩"
10092,"叫苦不迭,长吁短叹,唉声叹气,无精打采,叫苦连天,垂头丧气"
10095,"见所未见,闻所未闻"
10098,"滋味,味道"
10101,"阿谁,那个,谁人"
10104,"千山万水,万里长征"
10107,"遍地,随地,四处,随处,在在,各处,处处,到处"
10110,"草莽,草泽,草野"
10114,"散发,披发"
10117,"为何,缘何,何以,何故"
10120,"落网,就逮"
10123,"刻日,近日,刻期,克日,不日,指日,今日,本日,今天,即日,期限,限期"
10126,"开花结果,开花结实"
10129,"离经叛道,大逆不道,背信弃义"
10132,"下午,下昼"
10135,"归去,回去"
10138,"生死,存亡,死活"
10141,"以是,因而,于是,所以,是以,因此,于是乎"
10144,"出头,签名,出面,署名,签字,具名"
10147,"晒台,天台,露台"
10150,"一月,正月,元月"
10153,"危坐,端坐"
10156,"船主,船长"
10159,"定命,定数,天命"
10162,"失火,火警,火灾"
10165,"冷光,寒光"
10168,"优势,上风"
10171,"公理,正义,正理"
10174,"如期,按期,定期"
10177,"火器,军器,兵器,军火,武器,刀兵,军械"
10180,"加快,加速,减速"
10183,"提前,提早"
10186,"心肠,心地,心性"
10189,"一无所长,一无所能,一无是处,一无可取"
10192,"该死,活该"
10195,"各取所需,各得其所"
10198,"纳福,享受,享乐,享福"
10201,"边沿,边缘"
10204,"通宵,彻夜"
10207,"村落,乡下,村子,墟落,乡村,乡间,屯子,村庄,农村"
10210,"开释,拘留,捕获,禁锢,踩缉,羁系,捕捉,捉拿,扣留,监禁,缉捕,截留,拘禁,释放,拘押,囚系,囚禁,拘系,拘捕,访拿,追拿,搜捕,扣押,逮捕,幽囚,监管"
10213,"都市,都邑,都会,城市"
10216,"害羞,羞涩,怕羞,腼腆,忸怩,害臊,羞怯"
10219,"驼背,佝偻"
10222,"同志,同道"
10225,"招引,吸引"
10228,"夭折,夭殇,短折,早夭,短命"
10231,"山君,老虎"
10234,"起码,至少"
10237,"甚嚣尘上,满城风雨,轰动一时"
10242,"推己及人,设身处地,度德量力,将心比心,以己度人,身临其境,揆情度理,审时度势"
10245,"闪灼,闪耀,闪烁,闪亮,闪动"
10248,"作甚,何为"
10251,"勘探,权衡,量度,测量,勘测,丈量,勘察,衡量"
10254,"十恶不赦,罪恶滔天,惨无人道,丧心病狂,暴戾恣睢,无恶不作,作恶多端,伤天害理,惨不忍闻,罪该万死,罪大恶极,惨不忍睹,丧尽天良,心狠手辣,惨绝人寰,恶贯满盈,灭绝人性,穷凶极恶"
10260,"典质,抵押"
10263,"增添,添补,增多,添加,增加"
10266,"斩草除根,扫地以尽,一网打尽,扫地出门,一扫而空,除恶务尽"
10269,"张罗,筹措"
10272,"牛刀小试,初露锋芒,脱颖而出,出人头地,初试锋芒,崭露头角,显露头角,高人一等"
10275,"天壤之别,一清二楚,不言而喻,明察暗访,判若鸿沟,牵肠挂肚,历历可数,不在话下,念念不忘,明察秋毫,人所共知,青红皁白,儿女情长,稠人广众,耿耿于怀,洞若观火,天堂地狱,明查暗访,是非曲直,众所周知,妇孺皆知,大庭广众,鼎鼎大名,春树暮云,一清二白,念兹在兹,了如指掌,天渊之别,铭心镂骨,路人皆知,一望而知,公共场所,洞察一切,无庸赘述,不足齿数,举世瞩目,判然不同,截然不同,昭然若揭,历历在目,刻骨铭心,举世闻名,光天化日,泾渭分明,一览无余,尽收眼底,大相径庭,迥然不同,大名鼎鼎,众目睽睽,记忆犹新,尽人皆知,判若两人,名闻遐迩,霄壤之别,一目了然,众目昭彰,引人注目,铭心刻骨,深入人心,黑白分明,赫赫有名,大是大非,朝思暮想,言犹在耳,有目共睹,青红皂白,青天白日,显而易见,管窥蠡测,家喻户晓"
10278,"怒目,怒视,瞪眼,努目"
10281,"牌号,字号,商标,招牌"
10284,"作者,作家"
10287,"杰作,佳作,佳构,精品,宏构"
10290,"侍候,供养,扶养,养活,赡养,服侍,抚养,奉侍,抚育,侍奉,伺候,奉养"
10293,"巅峰,极峰,顶峰"
10296,"回身,转身"
10299,"讹夺,错漏"
10302,"叶落归根,饮水思源,衣锦还乡,衣锦荣归"
10305,"月朔,初一,月吉"
10308,"抄本,手本"
10311,"溶解,熔解,融解,消融,融化,熔化,溶化"
10314,"疾恶如仇,嫉恶如仇"
10317,"价钱,价格,价值,代价"
10320,"英气,豪气"
10323,"顶点,极点"
10326,"漫笔,短文,随笔,小品,杂文"
10329,"重修,重建"
10332,"因祸得福,否极泰来,塞翁失马"
10335,"俯瞰,俯视"
10338,"催讨,追讨"
10341,"恶魔,妖魔,邪魔,魔鬼,妖怪"
10344,"有求必应,来者不拒"
10347,"东拼西凑,东拉西扯,东挪西借,谈天说地,七拼八凑,海阔天空"
10350,"职员,人员"
10353,"高朋,贵宾,贵客,嘉宾"
10356,"严刑,酷刑"
10359,"老夫,老汉"
10362,"兔脱,逃逸,逃窜"
10365,"蓦然,骤然,猛然,忽然,猝然,陡然,忽地,突然,蓦地,赫然,倏地"
10369,"浑家,老婆,细君,妻子,内助,内人"
10372,"茅厕,厕所"
10375,"开口,启齿"
10390,"流浪猫,波斯猫,狸猫,家猫"
8492,"大小,巨细"
8495,"瘦骨嶙峋,骨瘦如豺,骨瘦如柴,形销骨立"
8498,"一马当先,遥遥领先,首当其冲"
8501,"赛跑,竞走"
8504,"遵法,守法"
8507,"有口难辩,百口莫辩"
8510,"牢牢,紧紧"
8513,"减刑,弛刑"
8516,"勉强,牵强"
8519,"造次,冒昧"
8522,"凉气,冷气,寒气"
8525,"音调,调子,曲调"
8528,"娘家,外家"
8531,"姑姑,姑妈"
8534,"颔首,点头"
8537,"一衣带水,近在咫尺,天涯比邻"
8540,"路子,途径,路线,门路,蹊径,阶梯,道路"
8543,"浅笑,含笑,微笑"
8546,"高抬贵手,手下留情"
8549,"倾诉,倾吐,诉说"
8552,"赤身,裸体"
8555,"覆盆之冤,沉冤莫白,含冤负屈,不白之冤"
8558,"文句,词句"
8561,"不由得,禁不住"
8564,"热点,热门"
8567,"顺便,趁机,伺机,乘隙,乘机,趁便"
8570,"有声有色,轻重缓急,井然有序,井井有序,头头是道,跃然纸上,呼之欲出,有板有眼,齐齐整整,整整齐齐,绘影绘声,秩序井然,有条不紊,有条有理,维妙维肖,井井有条,绘声绘色,活灵活现,紧锣密鼓,栩栩如生,缓急轻重,密锣紧鼓,活龙活现"
8573,"几多,几许,多少,若干,几何"
8577,"室第,居处,室庐,住所,住宅"
8580,"悔之不及,徒唤奈何,悔不当初,追悔莫及,悔之无及,悔之晚矣,悔恨交加"
8583,"声势,阵容,声威"
8586,"物尽其用,人尽其才,任人唯贤"
8589,"后辈,子弟"
8592,"瑰宝,法宝,宝物,宝贝,珍宝"
8595,"物质,物资"
8598,"翠绿,青翠,青葱"
8601,"窄小,狭隘,局促,狭窄,忐忑,狭小"
8604,"子孙,昆裔,后世,子息,子女,后裔,儿女,后代"
8607,"预知,先见"
8610,"媒人,媒妁,月老,伐柯人"
8613,"窍门,秘诀,诀窍,法门"
8616,"罢手,收手,歇手"
8619,"激浊扬清,彰善瘅恶,隐恶扬善"
8622,"名列前茅,压倒元白,出类拔萃,独占鳌头,鹤立鸡群,超群绝伦,首屈一指"
8625,"收入,利润,收益,效益"
8628,"军备,武备"
8631,"后盾,后援"
8634,"趸批,批发,零售"
8637,"咱们,我们"
8640,"缓不济急,蜗行牛步,姗姗来迟"
8643,"了不起,了不得"
8646,"当日,当天"
8649,"割断,切断,堵截"
8652,"火把,火炬"
8655,"皇帝,天子"
8658,"三令五申,千叮万嘱,发号施令"
8661,"立德,树德"
8664,"驻扎,驻防,屯扎,驻守"
8667,"租金,房钱"
8670,"天摇地动,天旋地转"
8673,"阶级,阶层"
8676,"哈腰,弯腰,鞠躬"
8679,"先人,祖先,祖宗"
8682,"中庸,中和"
8685,"初衷,初志"
8688,"警语,警句"
8691,"清水,净水"
8694,"乐园,乐土"
8697,"下班,放工"
8700,"前人,昔人,古人"
8703,"中馈,主妇"
8705,"心曲,衷肠,衷曲"
8708,"天网恢恢，疏而不漏,天罗地网"
8711,"时节,时令,季节,季候"
8714,"外衣,外套"
8717,"胜任,称职,守职"
8720,"授课,讲课"
8723,"区区,戋戋"
8726,"拼装,组装"
8729,"生老病死,衣食住行"
8732,"残缺,残破"
8735,"抬头,仰面,昂首"
8738,"盗取,盗窃,偷窃,偷盗,窃取"
8741,"吊挂,悬挂"
8744,"设宴,设席"
8747,"佩戴,佩带"
8750,"老将,宿将"
8753,"推销,倾销"
8756,"讹传,谣传"
8759,"邃古,泰初,太古,旷古,上古,远古"
8762,"怒火,肝火,怒气"
8765,"对调,对换"
8768,"艳装,艳妆,冶容,盛饰,浓妆"
8771,"滚滚,滔滔"
8774,"寝兵,停战,息兵,休战"
8777,"特工,奸细,特务,间谍"
8780,"探险,冒险"
8783,"通饬,通令"
8786,"闻一知十,融会贯通,触类旁通,问牛知马,举一反三"
8789,"烟火,火食,人烟,炊火"
8792,"船坞,船厂"
8795,"利钱,利息,息金"
8798,"斗极,北斗"
8801,"角落,旮旯"
8804,"盛会,嘉会"
8807,"木已成舟,既成事实"
8810,"借重,借势"
8813,"义冢,公墓"
8816,"人心,民气,民心"
8819,"陪衬,渲染,衬托,烘托"
8822,"梦呓,呓语,梦话"
8825,"可见一斑,管中窥豹"
8828,"朱唇皓齿,唇红齿白"
8831,"眉来眼去,暗送秋波"
8832,"出险,脱险"
8835,"下学,放学"
8838,"新娘,新妇"
8841,"饭店,饭馆,饭铺"
8844,"赢输,胜负,输赢"
8847,"盟国,友邦"
8850,"总数,总额"
8853,"饥饿,饥荒"
8856,"放假,休假"
8859,"沾亲带故,沾亲带友"
8862,"奴颜媚骨,阿谀逢迎,摇尾乞怜,趋炎附势,崇洋媚外,奴颜婢膝,卑躬屈膝,阿谀奉承,丧权辱国,乞哀告怜,阿其所好,卖国求荣"
8865,"践约,依约,履约,如约"
8868,"甘拜下风,心服口服,心悦诚服,五体投地"
8871,"壮盛,鼎盛"
8874,"完璧归赵,物归原主"
8877,"不时之须,不时之需"
8880,"例外,破例"
8883,"始祖,鼻祖,开山祖师"
8886,"搬场,徙迁,迁居,搬家,乔迁,莺迁,搬迁"
8889,"昆仲,兄弟,昆季,手足,伯仲,昆玉"
8892,"证据确凿,白纸黑字"
8895,"中国,华夏,中原"
8898,"吊丧,吊祭,吊唁,吊问,丧祭"
8901,"全军,三军"
8904,"妒忌,嫉妒,吃醋,嫉恨"
8907,"独步天下,无与伦比,超群出众,前所未闻,前所未有,空前绝后,亘古未有,前无古人,史无前例,无可比拟,独一无二"
8910,"美名,美誉"
8913,"复书,回信,覆信,回音"
8916,"指日可下,指日可待,计日程功"
8919,"诱骗,拐骗,诱拐"
8922,"人去楼空,一去不复返,跃跃欲试,触景生情,擦拳磨掌,擦掌磨拳,摩拳擦掌,人面桃花,蠢蠢欲动,见猎心喜,擦拳抹掌,技痒"
8925,"身形,体态"
8928,"避难就易,避重就轻,避实就虚,就事论事"
8931,"叩门,打门,敲门"
8934,"清客,篾片"
8937,"不免,难免"
8940,"免得,以免,省得"
8943,"牌照,派司,执照"
8946,"河干,河滨,河边"
8949,"养病,养痾"
8952,"悔悟,悔过"
8955,"神仙,仙人"
8958,"出谋献策,运筹帷幄,出谋划策"
8960,"剥夺,褫夺"
8963,"大地,地面"
8966,"替身,替人"
8969,"诞辰,生日,寿辰"
8972,"巡礼,巡行,巡回,巡游"
8975,"东床,女婿,半子"
8978,"雄师,大军"
8981,"滑稽,趣味,道理,意思,真义,兴趣,诙谐,风趣,意味,真理,兴致,兴会,原理,事理,真谛,情调,意旨,兴味,意义,旨趣,幽默,有趣,乐趣"
8984,"绳索,绳子"
8987,"形而上学,玄学,哲学"
8990,"无关大局,无足轻重,无关痛痒,细枝末节,无关紧要,可有可无"
8993,"生死关头,紧要关头,生死存亡,生死攸关"
8996,"洋装,西装,西服"
8999,"相继,接踵"
9002,"标语,口号"
9005,"分居,分爨,分家"
9008,"搪瓷,珐琅"
9011,"上层,表层"
9014,"投其所好,曲意奉迎,曲意逢迎"
9017,"起草,草拟"
9020,"人云亦云,随声附和,拾人牙慧"
9023,"顶撞,顶嘴"
9026,"收容,收留"
9029,"攀爬,攀缘,攀高,攀登,登攀"
9032,"加重,加剧"
9035,"屠夫,屠户"
9038,"梵衲,羽士,沙门,和尚,头陀,僧人,道士"
9041,"政界,官场,宦海"
9044,"选派,遴派"
9047,"人众胜天,人定胜天"
9050,"彬彬有礼,温情脉脉,温文尔雅,文质彬彬,落落大方,温柔敦厚"
9053,"丁壮,壮年"
9056,"狂饮,畅饮,浩饮,酣饮,痛饮"
9059,"低谷,低潮"
9062,"奔波,奔跑,奔驰,奔走,驰骋,驱驰,奔忙"
9065,"板屋,木屋"
9068,"道教,玄门,玄教"
9071,"窃窃私语,窃窃私议,交头接耳"
9074,"追随,跟随,仆从,追逐,作陪,奴婢,追赶,奴隶,奉陪,随从,奴役,随同,陪同,伴随,伴同,奴才,陪伴,奴仆,尾随,跟从,跟班"
9077,"重担,重任"
9080,"另眼看待,另眼相看,刮目相看"
9083,"勾画,勾勒"
9086,"合算,划算"
9090,"出卖,贩卖,销售,出售,发卖"
9093,"新年,献岁"
9096,"义士,烈士"
9099,"展期,延期,缓期,宽限,改期,脱期"
9102,"立品,立身"
9105,"对头,敌人,怨家,仇家,冤家,仇人,仇敌,雠敌"
9108,"感恩戴德,感激涕零,感恩图报"
9111,"独身,只身,未婚,单身,光棍,王老五"
9114,"饮宴,宴集,宴会"
9117,"碉堡,城堡,堡垒,营垒"
9120,"监工,管工,督工"
9123,"堕胎,人工流产,打胎"
9126,"团鱼,甲鱼"
9129,"供应,供给,提供"
9132,"月信,月经,月事"
9135,"真话,实话"
9138,"坟场,墓地"
9141,"硬汉,能人,英雄,好汉,豪杰,英豪,铁汉,强人,俊杰"
9144,"滚开,滚蛋"
9147,"审定,核定"
9150,"隐讳,避讳,忌讳,避忌"
9153,"对证,对质"
9156,"死罪,死刑,极刑"
9159,"不可磨灭,永垂不朽,流芳百世"
9162,"凶犯,凶手"
9165,"世态炎凉,人情世故,人情冷暖"
9168,"苦不可言,苦不堪言"
9171,"哄传,盛传"
9174,"小偷,扒手,窃贼,翦绺,小窃"
9177,"诬陷,诬告"
9180,"你死我活,不共戴天,势不两立,誓不两立"
9183,"血印,血迹"
9186,"庶务,杂务,琐事,总务,碎务,琐务"
9189,"一边,一壁,一面"
9192,"耕种,播洒,播种"
9195,"一路货色,一丘之貉,泾渭不分,难兄难弟"
9198,"懒惰,懈怠,怠惰"
9201,"晨夕,旦夕,朝夕,夙夜,迟早,日夕,早晚"
9204,"公判,公审"
9207,"扪心自问,反躬自省,抚躬自问"
9210,"前世,前生,宿世"
9213,"书橱,书厨,书柜"
9218,"吊水,取水,打水"
9221,"折扣,扣头"
9224,"查访,察访"
9227,"严阵以待,枕戈待旦,盛食厉兵,厉兵秣马"
9230,"吸烟,抽烟"
9233,"赏月,弄月"
9236,"外文,外语"
9239,"严刑峻制,严刑峻法"
9242,"目录,目次"
9245,"不然,否则"
9248,"叙旧,话旧"
9251,"迟疑不决,欲言又止,首鼠两端,举棋不定"
9254,"私情,私交"
9257,"凶兆,恶兆"
9260,"效忠,尽忠"
9263,"来回,往返"
9266,"白发苍苍,须发皆白"
9269,"失职,渎职,失责,溺职"
9272,"月俸,月给,月薪"
9275,"口传,口授"
9278,"水渠,水沟,沟渠"
9281,"寒风,朔风,冬风,北风"
9284,"养父,寄父,干爹,干父"
9287,"支属,亲属"
9290,"受刑,伏诛,伏法"
9293,"欠债,负债"
9296,"打骂,吵架"
9299,"抱头痛哭,抱头大哭"
9302,"本末倒置,喧宾夺主,反客为主"
9305,"左邻右舍,街坊邻里"
9308,"风卷残云,横扫千军"
9311,"皮开肉绽,遍体鳞伤,体无完肤"
9314,"策应,接应"
9317,"成语,谚语"
9320,"转危为安,药到病除,死而复生,逢凶化吉,起死回生,死去活来,妙手回春,绝处逢生,着手成春,化险为夷,转败为功,手到病除,转败为胜"
9323,"放荡不羁,放浪形骸"
9326,"一差二错,山高水低,阴错阳差,阴差阳错,三长两短,一念之差"
9329,"民怨沸腾,人神共愤"
9332,"将来,翌日,未来,明天,明日,来日"
9335,"评语,考语"
9338,"隔世之感,恍如隔世"
9341,"乡人,村夫"
9345,"工厂,工场"
9348,"奸骗,奸淫"
9351,"风调雨顺,五谷丰登,人寿年丰"
9354,"正本澄源,正本清源,端本正源"
9357,"攻城略地,攻城掠地"
9360,"山清水秀,绿水青山,旖旎风光,山明水秀,锦绣河山"
9363,"年青,年轻"
9366,"白手,徒手,赤手,空手"
9369,"饱经沧桑,含辛茹苦,饱经风霜,千辛万苦,饱经世故,曾经沧海,坚苦卓绝"
9372,"透亮,透明,晶莹"
9375,"挥发,蒸发"
9378,"春风,东风"
9381,"午睡,昼寝"
9384,"可笑,好笑"
9387,"海角,天涯"
9390,"小雨,细雨"
9393,"杜门不出,韬光养晦,养晦韬光,闭门不出,韬光晦迹,韫椟藏珠"
9396,"垂钓,钓鱼,垂纶"
9399,"赔了夫人又折兵,损兵折将"
9402,"狂奔,疾走"
9405,"果腹,充饥"
9408,"问鼎,染指"
9411,"违反,违抗,违背,背离"
9414,"食客,门客"
9417,"童谣,儿歌"
9420,"无巧不成书,无巧不成话"
9423,"平滑,平坦,平整,平缓"
9426,"恋爱,爱情"
9429,"轰隆,霹雳,霹雷"
9432,"顽疾,恶疾"
9435,"结盟,缔盟,订盟"
9438,"凡夫俗子,芸芸众生"
9441,"名门,权门,望族,王谢,朱门,大户,蓬门,豪门"
9444,"避世绝俗,愤世嫉俗"
9447,"对牛弹琴,对牛鼓簧,白费口舌"
9450,"花钱,用钱,费钱"
9453,"倚恃,倚仗"
9456,"苛政,暴政,虐政"
9459,"出场,进场"
9462,"擅权,专权"
9465,"宽免,豁免"
9468,"书生,墨客,诗人,骚人,文士,文人"
9471,"讨债,讨帐"
9473,"前车可鉴,引以为戒,他山之石,殷鉴不远,前车之鉴"
9476,"不期而遇,遇见,碰见"
9479,"长吁,长叹,浩叹"
9482,"投递,送达"
9485,"芳香,芬芳,清香"
9488,"古董,骨董,古玩"
9491,"贵人,朱紫"
9494,"窘境,困境,逆境"
9497,"亵渎,轻渎,侮慢"
9500,"发人深省,发人深思"
9503,"充塞,填塞"
9506,"大展宏图,大有作为,有所作为,大有可为,大显身手"
9509,"美酒,琼浆,旨酒,玉液"
9512,"无端,无故"
9515,"雨伞,雨遮,阳伞"
9518,"大难,浩劫"
9521,"寺院,寺庙,庙宇,古刹"
9524,"军力,兵力"
9527,"时不可失,时不我待,机不可失"
9530,"确保,担保,包管,保证"
9533,"茶馆,茶肆,茶楼"
9536,"祸国殃民,病国殃民,蠹国害民"
9539,"非驴非马,不三不四,不伦不类"
9542,"先考,先父"
9545,"幻化,变幻"
9548,"正统,正宗"
9551,"浮泛,虚浮"
9554,"起风,刮风"
9557,"艳阳天,晴天"
9560,"弦外之音,言近旨远,言外之意,鸡零狗碎,鸡毛蒜皮,博士买驴,诲人不倦,不厌其烦,言不尽意,语重心长,不胜其烦,意味深长,微言大义,苦口婆心,谆谆告诫"
9563,"自命,自封"
9566,"常见,习见"
9569,"分神,分心"
9572,"协力,合力"
9575,"前夕,前夜"
9578,"他杀,谋杀,暗杀,坑害,暗算,陷害,密谋,暗害,诬害,谋害,谗谄,构陷,行刺"
9581,"起落,升降"
9584,"穿凿附会,断章取义,望文生义"
9587,"船埠,码头"
9590,"古往今来,古今中外"
9593,"虚怀若谷,谦虚谨慎,蔼然可亲,平易近人,和颜悦色,和蔼可亲,一团和气,大智若愚"
9596,"别号,别名"
9599,"拖沓,拖拉"
9600,"沉睡,甜睡,酣睡,熟睡"
9603,"徐行,闲步,漫步,安步,缓步,信步,散步,溜达"
9606,"喘气,喘息"
9609,"瞥见,看见,望见,瞟见"
9612,"围巾,领巾"
9615,"阴冷,阴凉"
9618,"世外桃源,极乐世界,洞天福地"
9621,"耳环,耳饰"
9624,"实用,适用,合用"
9627,"不惜,不吝"
9630,"拂过,掠过"
9633,"利刃,芒刃"
9636,"出兵,出师,兴兵,发兵,兴师"
9639,"国本,邦本,国脉"
9642,"地图,舆图"
9645,"长寿,龟龄,长命"
9648,"做生意,经商"
9651,"买办,大班"
9654,"复习,温习"
9657,"肉痛,心痛"
9660,"云鬟,雾鬓,云鬓"
9663,"舞蹈,跳舞"
9666,"旧居,故园,故居,故宅"
9669,"富商,殷商,巨贾"
9672,"光溜溜,光秃秃"
9675,"雕栏,栏杆"
9678,"改过,悛改,自新,悔改"
9681,"笑颜,笑貌,笑容,笑脸"
9684,"心血,劳力,血汗"
9687,"天堂,天国"
9690,"近来,最近,比来,迩来"
9693,"做作,造作"
9696,"临渊羡鱼,临河羡鱼"
9699,"博大精深,博学多才,经天纬地"
9702,"躲债,避债"
9705,"孝服,凶服,丧服"
9708,"科技,科学"
9711,"改朝换代,取而代之"
9714,"笑哈哈,笑吟吟,笑嘻嘻,笑呵呵"
9717,"趋势,趋向"
9720,"今非昔比,今是昔非,今是昨非"
9723,"能否,可否"
9726,"众望所归,德高望重,品学兼优,年高德劭,德才兼备,又红又专,文武双全"
9728,"节律,节拍,节奏"
9731,"看家本领,看家本事"
9734,"宠儿,骄子"
9737,"肥胖,肥壮,臃肿,丰腴,肥大"
9740,"身后,暗地,暗中,背地,背后"
9743,"底稿,稿本,草稿,初稿,原稿"
9746,"眼中钉,肉中刺"
9749,"冠冕堂皇,堂而皇之"
9752,"剧场,戏院"
9755,"含饴弄孙,和平共处,天伦之乐,和睦相处"
9758,"中午,午时,正午"
9761,"救急,济急,应急"
9764,"讲堂,课堂,教室"
9767,"夸张,夸大,强调"
9770,"失容,失神,逊色,减色,失色,失态"
9773,"缮写,抄写,钞写,书写,誊录,誊写"
9776,"职能,性能,机能"
9779,"老小,老少,长幼"
9782,"寅吃卯粮,民生凋敝,赤地千里,穷乡僻壤,不毛之地,穷山恶水,哀鸿遍野,疮痍满目,衣不蔽体,寅支卯粮,左支右绌,寸草不留,入不敷出,捉襟见肘,顾此失彼,衣衫褴褛,百孔千疮"
9785,"居住,栖身"
9788,"神经病,精神病"
9791,"喃喃自语,自说自话,自言自语"
9794,"家信,乡信,家书"
9797,"幼童,小童"
9800,"腰围,腰身"
9803,"烈日,炎阳,骄阳"
9806,"中选,当选,入选,膺选"
9809,"翻箱倒柜,翻箱倒箧"
9812,"日曜日,星期日"
9815,"欧化,洋化,西化"
9818,"头路,端倪,眉目,线索,头绪"
9821,"寂寂无闻,神不知，鬼不觉,不知不觉,无名小卒,无声无息,悄然无声,马前卒,默默无闻,没没无闻"
9824,"不法,作恶,非法,犯罪,犯法,违法,犯科,造孽,坐法"
9827,"雨露之恩,知遇之恩,大恩大德"
9830,"壮志,宏愿,大志,弘愿,雄心"
9833,"饭桶,脓包"
9836,"刀耕火种,火耨刀耕,刀耕火耨"
9839,"礼聘,邀请,聘任,约请,聘请,聘用"
9842,"拨弄,盘弄"
9845,"暖锅,火锅"
9848,"闷葫芦,一声不吭"
9851,"看破,看头,看穿,看透,识破"
9854,"注射,打针"
9858,"口味,口胃"
9861,"顺路,顺道"
9864,"繁衍,孳生,滋生,繁殖,孳乳,生息"
9867,"使劲,用力"
9870,"昨年,旧年,去年,客岁"
9873,"力争上游,下车伊始,不甘示弱,粉墨登场,见贤思齐,不甘后人,争先恐后,袍笏登场,出头露面,加官晋爵,走马上任,不甘寂寞,见德思齐,抛头露面"
9876,"干证,旁证"
9879,"宇量,度量,肚量,胸怀,器量,襟怀,器度,气量,胸襟,心胸,怀抱,气度"
9882,"入彀,上钩,中计"
9885,"项链,项圈"
9888,"石匠,石工"
9891,"近况,现状"
9894,"冷天,寒天"
9897,"脚本,剧本"
9900,"条子,便条"
9903,"风土人情,风俗人情"
9906,"事先,事前"
9909,"耕田,种田,种地"
9912,"小节,末节"
9915,"众怒,公愤"
9918,"还乡,回乡,旋里"
9921,"畏首畏尾,瞻前顾后,投鼠忌器,左顾右盼"
9924,"产品,产物"
9927,"权要,官僚,政客"
9930,"兴修,营建,兴建"
9933,"欢蹦乱跳,活蹦活跳,活蹦乱跳"
9936,"举世,全球,环球"
9939,"打量,端详"
9942,"纵使,即使,天然,倘若,当然,如若,虽然,倘使,纵然,尽管,如果,假如,假使,假若,固然,尽量,若是,自然,只管,假设,要是"
9945,"物价,时值,时价,市价"
9948,"兵种,军种"
9951,"跟着,随着"
9954,"树敌,构怨,结怨,树怨,成仇"
9957,"开国,建国"
9960,"老板,东家,雇主,东主,店主"
9963,"仪式,典礼"
9966,"春季,春天"
9969,"黯淡无光,暗淡无光"
9972,"投奔,投靠"
9975,"疆场,沙场,战场"
9978,"风波,风浪"
9981,"方才,刚才,适才,刚刚"
9986,"口说无凭,空口无凭"
9989,"双方,两边"
9992,"追捕,追踪"
9995,"胡扯,胡说,乱说,瞎说,瞎扯"
9998,"轩然大波,大吵大闹"
10001,"密意,深情"
10004,"改嫁,再醮"
10007,"敢做敢当,敢作敢为"
10010,"钱财,财帛"
10013,"红颜,朱颜"
10016,"旅客,乘客,游客,搭客"
10019,"浮想联翩,思绪万千"
10022,"指控,控诉,控告"
10025,"生命,人命,性命"
10028,"吐露,表露,披露,流露"
10031,"大败,大北"
10034,"公家,熟手,旧手,人人,大师,专家,众人,公共,妙手,大众,熟稔,高手,公众,大家,老手,好手,民众,内行,世人,在行,巨匠,行家,群众,各人,能手"
10037,"慢吞吞,慢悠悠,慢腾腾"
10040,"翰墨,笔墨,文字"
10043,"痛快淋漓,连篇累牍,酣畅淋漓,大书特书,冗词赘句,淋漓尽致,长篇大论,空洞无物,拖泥带水"
10046,"晕头转向,昏昏沉沉,胡里胡涂,浑浑噩噩,糊里糊涂,混混沌沌,昏头昏脑,浑浑沌沌"
10049,"今年,本年"
10052,"赌钱,打赌,赌博"
10055,"汽锅,锅炉"
10058,"千载难逢,百年不遇,千载一时"
10061,"活门,活路,生路"
10064,"开支,支拨,支付,支出,付出,开销"
10067,"收据,收条"
10070,"谰言,谎言,蜚语,坏话,谣言,流言,浮名,鬼话,蜚言,诳言,假话,大话,谎话,浮言"
10073,"惩前毖后,小惩大诫"
10076,"一生,平生,生平"
10079,"寄宿,投止,投宿"
10082,"公文,文移,公牍,公函"
10085,"引子,序论,媒介,弁言,前言,绪言,序言,绪论"
10088,"叛国,卖国"
10091,"子弹,枪弹"
10094,"外子,男子,汉子,丈夫,夫君,良人,须眉,男人"
10097,"单位,单元"
10100,"胜景,名胜"
10103,"六合,天下,宇宙,寰宇,天地,全国,世界"
10106,"抑扬,顿挫"
10109,"质料,原料,资料,材料,材质,质量,质地"
10113,"抄袭,剽窃"
10116,"武术,技击"
10119,"尸体,尸首,尸身,遗体"
10122,"笼络人心,小恩小惠"
10125,"标记,暗码,旌旗,旗帜,暗号,旗号,密码,象征,标识,暗记,旗子,记号,标帜,标志,信号,符号"
10128,"书画,字画"
10131,"浑身,满身,全身,周身,混身"
10134,"花圃,花园"
10137,"目眩,眼花"
10140,"愁眉不展,愁眉锁眼,愁眉苦脸"
10143,"咬牙切齿,忍无可忍,深恶痛绝,恨之入骨,拍案而起,痛心疾首,切齿痛恨,切齿腐心,捶胸顿足,恨入骨髓"
10146,"他方,对方"
10149,"牢骚满腹,怨气冲天"
10152,"哀告,条目,恳求,央浼,哀求,前提,乞求,要求,条款,乞请,条件,请求,吁请,央求"
10155,"漫游,遨游,航行,飘动,飞舞,飞翔,周游,翱翔,飞行,飞越"
10158,"农家,农户,田舍,庄家"
10161,"孕珠,怀胎,受孕,妊娠,怀孕,有身"
10164,"木柴,木材,木料"
10167,"归罪,归咎"
10170,"卓识,高见"
10173,"白首,白发"
10176,"引领,引颈"
10179,"一了百当,功德圆满,一了百了,寿终正寝,一劳永逸,一笔勾销"
10182,"内地,大陆,腹地,陆地,内陆"
10185,"搅散,搞乱"
10188,"家传,祖传"
10191,"残渣余孽,跳梁小丑,害群之马,城狐社鼠"
10194,"等到,比及"
10197,"搅和,搅拌"
10200,"自身,本身,自己"
10203,"死战,决斗,决战"
10206,"讯息,音书,信息,新闻,音尘,音问,消息,动静,音信,音讯"
10209,"入狱,坐牢,下狱"
10212,"麻醉剂,止痛药"
10215,"推却,推脱,狡辩,拒绝,谢绝,抵赖,回绝,辞谢,诡辩,推辞,辞让,推诿,狡赖,推卸,推托"
10218,"获罪,冲克,冲撞,开罪,干犯,冒犯,获咎,冲犯,触犯,得罪"
10221,"玄色,黑色"
10224,"污水,浑水"
10227,"早饭,早餐"
10230,"解剖,剖解"
10233,"州官,州长,州伯"
10236,"光头,秃子,秃顶,秃头"
10239,"记着,记取,记住"
10241,"伟人,贤人,至人,巨人,圣人"
10244,"校友,学友"
10247,"莫非,难道,岂非"
10250,"卫兵,保镖,警卫,卫士,保镳"
10253,"灌注,贯注,灌输"
10256,"婀娜多姿,千娇百媚,花枝招展"
10259,"充当,充任"
10262,"洞房花烛,燕尔新婚"
10265,"房子,屋子"
10268,"治绩,政绩"
10271,"白头偕老,白头到老,白头相守"
10274,"拨乱反正,旋转乾坤"
10277,"果然如此,果不其然,不出所料,料事如神"
10280,"功德,好事,善事"
10283,"负薪救火,扬汤止沸,救火投薪"
10286,"衣饰,服饰"
10289,"假名,化名"
10292,"总而言之,一言以蔽之"
10295,"寒冬,冰凉,严寒,隆冬,酷寒,冰冷,寒冷,严冬"
10298,"小孩,童子,稚童,孩童,儿童,孩子,孺子"
10301,"暴露无遗,庐山真面,真相毕露,图穷匕见,自相矛盾,格格不入,破绽百出,不打自招,庐山真面目,漏洞百出,似是而非,原形毕露,东窗事发,张冠李戴,水落石出,真相大白"
10304,"岗亭,岗位"
10307,"分管,分担"
10310,"任凭,听凭"
10313,"念经,念佛"
10316,"同年,同庚"
10319,"是非分明,井水不犯河水,是是非非,明辨是非"
10322,"闻名,着名,知名,著名,有名,出名,驰名"
10325,"荫庇,庇荫"
10328,"言简意赅,一字千金,惜墨如金"
10331,"高枕无忧,高枕而卧,麻痹大意,无忧无虑,无牵无挂"
10334,"苍生,子民,布衣,公民,黎民,庶民,平民,匹夫,选民,百姓,国民,人民"
10337,"给予,赏赐,予以,赐予,给与,恩赐,授予,赋予,付与,赐与"
10340,"必经之路,必由之路,终南捷径"
10343,"郑重其事,像模像样"
10346,"旷课,缺课"
10349,"农人,农夫,农民"
10352,"顾而言他,顾左右而言他"
10355,"血色,红色,赤色"
10358,"就职,履新,就任,到差,赴任,上任,接事"
10361,"地盘,地皮,土地"
10364,"好人,善人"
10367,"房主,房东"
10368,"剃发,理发,剃头,剪发"
10371,"相应,回响,应声,回声,反映,反响,反应,响应"
10374,"示弱,认输"
