10,"信誉,厄运,名声,因素,位置,职位,声誉,幸运,荣誉,名誉,恶运,地位,诺言,声望,红运,名望,荣幸,身分,名气,荣耀,信用,光荣,倒运,好运,庆幸,侥幸,成分"
13,"持续,维系,不息,常常,往往,理解,连接,一向,结合,络续,贯穿,相接,连结,一贯,间断,不休,绵延,延续,融会,一口气,衔接,领会,连绵,不断,毗邻,组合,联贯,时时,保持,一连,接连,贯通,邻接,联接,连续,接续,相连,持久,继续,毗连,赓续,每每,贯串,陆续,拆开,衔尾,连合,一直,向来"
16,"岁数,年岁,年齿,年数,春秋,年龄,年事,年纪"
19,"人间,阳世,阴间,尘凡,阳间,尘寰,世间,人世,尘世,尘间,凡间,红尘"
22,"附带,专程,捎带,特意,特地,特别,专门,特为"
25,"冰凉,严寒,酷寒,滚烫,冰冷,寒冷"
28,"打开,发达,隆盛,封闭,茂盛,兴旺,描述,发家,浮现,透露,发觉,闪现,示意,茁壮,繁华,开启,强大,觉察,振兴,旺盛,永存,郁勃,施展,开放,叙述,埋没,显现,揭穿,展开,昌盛,分隔,蓬勃,报告,繁荣,阐扬,产生,焕发,发明,表现,荣华,畅旺,开展,弘扬,转机,呈现,发生,论述,论说,敞开,讲述,创造,默示,发财,爆炸,发挥,爆发,感觉,揭发,兴起,磨灭,说明,讲明,展示,暗示,消逝,兴隆,映现,发作,涌现,明说,长存,发展,分开,显示,发扬,繁盛,隔离,崛起,体现,显露,陈述,敷陈,陈说,伸开,察觉,表示,兴家,再现,起色,进展,提醒,阐发,蒙蔽,凋蔽,存在,揭示,富强,形成,揭露,强盛,张开,揭破,阐明,兴盛,发掘,繁茂,展现,阐述,暴露,发现,昌隆,进步,出现"
31,"自由,解放,解脱"
34,"不妨事,简明,大体,扼要,省略,详情,简要,一定,大略,节减,或者,不定,不要紧,大致,减少,概略,大概,大要,不妨,节略,也许,不实,虚假,大意,梗概,恐怕,害怕,不一定,能够,删除,大约,未必,生怕,可以,惟恐,只怕,确定,可能,大抵,细目,认真,简略,没关系,或许,约略,不详,仔细,概况,确实"
37,"心爱,爱好,爱怜,酷爱,可爱,热爱,喜好,嗜好,怜惜,喜欢,垂怜,亲爱,怜爱,疼爱,喜爱"
40,"欣赏,赏识,观看,观赏"
43,"讴歌,训斥,赞叹,赞许,拥护,表扬,褒奖,夸奖,称誉,表彰,附和,称颂,赞扬,赞赏,称赞,赞美,赞成,称道,夸赞,称扬,赞颂,颂扬,赞誉,歌颂,支持,赞同"
46,"旅客,乘客,游客,司机,搭客"
49,"内政,内务"
52,"生命,人命,性命"
55,"魂灵,魂魄,体力,物质,精力,灵魂,脑力,物资,元气,心灵,精神"
58,"公家,熟手,生手,旧手,人人,大师,专家,众人,公共,新手,妙手,熟稔,大众,高手,公众,大家,老手,好手,民众,内行,世人,在行,巨匠,生人,行家,干部,各人,群众,能手"
61,"滑稽,道理,苟且,诙谐,风趣,意味,真理,兴致,原理,情调,事理,意义,乐趣,趣味,意思,完整,兴趣,胡闹,糜烂,活泼,兴会,意旨,兴味,旨趣,严肃,幽默,有趣"
64,"竹素,竹帛,书籍,书本"
67,"夸张,夸大,强调"
70,"齐心,埋头,专一,离心,一心,潜心,用心,静心,专心,笃志,专注,同心,异志"
73,"特价,涨价,减价,削价,降价,跌价,落价,贬价,提价,加价"
76,"反常,极端,超出,杰出,非常,出格,减色,荒谬,额外,公平,有理,突出,先进,折中,尽头,不如,渊博,卓越,逾越,增色,精美,优秀,失容,变态,博识,无理,失常,精辟,超群,过度,特出,精炼,出色,精粹,超越,绝顶,凌驾,逊色,生色,特殊,超常,失神,极度,精练,简练,非凡,精湛,相当,不等,格外,万分,出众,尤其,分外,精髓,相配,特别,荒诞,优良,相等,精华,中正,增光,卓绝,优异,精彩,畸形,绝伦,失色,越过,公道,荒唐,十分,横跨,超过,合理,凸起,相称,优越,失态,胜过,进步,精深,异常,公正,至极,异样,精良,良好,轶群"
79,"等待,守候,期待,等候"
82,"医师,病人,医生,大夫"
85,"临蓐,生产,出产,分娩,临盆,坐蓐,坐褥"
88,"不及,不行,可行,不克,不能,不成,不可,不足"
91,"告急,求助,求援"
94,"缮治,修理,补葺,维修,修复,修缮,补缀,修补,维护"
97,"不甘,甘心,宁可,宁肯,宁愿,情愿,甘愿,愿意"
100,"驳斥,不许,反对,攻讦,批判,辩护,辩解,褒贬,停止,反驳,指控,禁止,不准,月旦,阻止,遏制,批驳,公诉,阻挠,阻拦,中止,回嘴,议论,遏止,痛斥,辩白,制止,批评,抉剔,评论,驳倒,抵制,挑剔,指责,指斥,禁绝,辩驳,抗议,指摘,评述,贯彻"
103,"心术,激情,心情,情绪,生理,脑筋,感情,心绪,心境,心理,脑子,心思,心计,头脑,情感,思想,思维,心机"
106,"苍生,君主,子民,贵族,达官,布衣,公民,庶民,黎民,平民,匹夫,选民,百姓,臣民,国民,人民"
109,"但是,不外,不过,然而,可是,然则,只是"
112,"阔别,永诀,区分,散布,判别,分手,辨别,不合,不同,分解,分散,割裂,告辞,仳离,差距,鉴别,分割,离异,松散,甄别,道别,离开,分歧,告别,迥异,凌乱,分开,瓦解,识别,分袂,割据,疏散,区别,划分,鉴识,疏松,拜别,反对,远离,判袂,错落,折柳,分化,辞别,狼籍,差异,离别,异议,散乱,握别,分辨,分辩,缭乱,辨认,分别,离婚,差别,分裂,对立,别离,诀别,永别,分离,辞行"
115,"襟怀,宇量,器度,度量,肚量,气量,胸襟,胸怀,心胸,器量,怀抱,气度"
118,"独霸,垄断,欺诈,使用,诈欺,行使,操纵,愚弄,棍骗,运用,欺骗,欺诳,诳骗,利用,糊弄,诓骗,哄骗,敲诈,把持,乱来,诈骗,讹诈,独揽,应用"
121,"六合,宇宙,天下,天地,寰宇,全国,世界"
124,"个体,群体,局部,总体,私人,个别,个人,私家,部分,集体"
127,"成长,孕育,滋长,进展,助长,生长,发展"
128,"安稳,不变,结实,坚韧,稳固,稳定,坚固,坚定,固定,平稳,平定,停止,坚实,稳当,牢靠,动摇,牢固,坚硬,安定,静止,扎实,踏实"
131,"维持,保卫,包庇,保护,保持,支柱,支撑,保留,庇护,割除,撑持,流失,支持,偏护,维护"
134,"价钱,价格,价值,代价"
137,"轻快,敏捷,沉稳,冷静,深化,增加,平静,马上,加紧,加强,紧急,急速,强化,增强,急忙,快速,沉着,火速,轻巧,麻利,飞快,立刻,镇静,赶紧,快捷,镇定,从容,赶快,稳固,轻易,急剧,连忙,着急,迅速,轻飘,心安,赶忙,轻松,轻便,急促,增多,巩固,轻盈"
140,"签名,出面,署名,匿名,签字,具名"
143,"老到,精悍,熟悉,流利,熟识,熟练,闇练,烂熟,精通,畅达,顺畅,能干,干练,贯通,纯熟,精明,娴熟,老成,流畅,聪明,老练,熟习,通顺,练习,流通,通畅,精干,畅通,精壮"
146,"梦想,全数,一同,周全,悉数,齐全,一切,愉快,自觉,联想,志向,企图,相同,全豹,美满,幸福,沿路,举座,划一,欲望,欢愉,笼统,渴想,企望,自发,沿途,整个,平等,一样,志愿,抽象,满堂,整体,周密,无缺,完全,一齐,集体,完整,扫数,渴望,完善,周详,一共,完好,全盘,具备,统共,不满,一起,周至,一律,抱负,希望,自愿,假想,完美,全部,一概,甜蜜,圆满,盼望,周备,合座,十足,一斑,总共,理想,齐备,概括,逸想,巴望,愿望,遐想,具体,空想,同等,团体,着想,周到,想象,所有,总计,快乐,集团,期望,幻想,心愿,生气,完竣,祈望,完满,实足,全体,设想,妄想,一路,万万,统统,通盘,完备,全面,妄图,生机,一致,希冀"
149,"割断,接通,切断,堵截"
152,"休会,开会,散会,闭会"
155,"事件,变乱,事故,事情,事变,事项,事宜,工作,事务"
158,"料理,摒挡,操纵,收拾,责罚,整顿,统率,统领,措置,处分,执掌,处理,管理,拘束,桎梏,束缚,统辖,掌管,管辖,把握,局限,照料,惩罚,整理,独揽,解决,办理,科罚,治理,统带,清理,总揽,过度,主持,统治,惩处,统制,管制,把持,驾驭,经管,清算,独霸,限度,拾掇,惩戒,左右,抑制,极度,打点,整治,主管,职掌,管束,管教,限定,掌握,惩办,担任,拘谨,处罚,处置,刑罚,控制,节制,羁绊,收敛,牵制,驾御,支配,整饬,限制,适度,负责,约束,惩治"
161,"固然,天然,即使,当然,法人,虽然,尽量,自然,纵然,尽管"
164,"适当,适应,妥当,合法,顺应,失当,妥切,相似,适宜,合意,稳当,伏贴,就绪,适合,得当,得体,妥帖,相同,契合,正当,稳健,稳妥,合宜,相符,妥贴,体面,不宜,吻合,切合,符合,得宜,恰当,合适,妥善,安妥,停当"
167,"单位,单元"
170,"扶持,搀扶,扶植,扶助"
173,"进程,过程,经过,流程,经历,履历,经由,历程,通过"
176,"怒放,开放,盛开"
179,"就事,干事,管事,办事,服务,任事,供职,任职,做事"
182,"启示,垦荒,启发,开采,引导,开垦,发掘,挖掘,启迪,开辟,拓荒,开凿,劝导,开导,开拓,诱导,开发,开挖,开荒"
185,"无用,无效,无益,有害,生效,作废,有益,有用,有效,灵验,失效,收效,万能"
188,"纲要,正经,法规,划定,规则,庄重,条例,规定,原则,廉洁,标准,全文,准则,略则,总纲,纲领,法例,端正,细则,撮要,礼貌,大纲,轨则,耿介,章程,摘要,端方,细目,准绳,法则,清廉,庄严,律例,提纲,概要,纲目,择要,规矩,总则,正派,高洁,正直,提要"
191,"都城,毂下,首都,京师,都门,京都,京城,国都"
194,"更加,愈加,越发,加倍,尤其,特别"
197,"范围,范畴,边界,天堑,控制,局部,限度,节制,周围,极度,畛域,界限,领域,规模,过度,部分,鸿沟,限制,适度,限定,局限,界线"
200,"便捷,便利,方便,便当"
203,"春风,东风,西风"
206,"明示,昭示,出面,露面,安家,立足,安身,驻足,藏身,隐藏,埋藏,出头,避匿,安居,避居,存身,容身,出现,埋没,隐匿,潜藏"
209,"压制,松手,迁就,操纵,苟且,放弃,停止,塞责,旁边,束缚,掌管,把握,局限,欺压,独揽,主理,榨取,操作,正中,征服,中央,克服,足下,纵容,驾驶,抵制,主持,当中,姑息,阁下,统制,敷衍,溺爱,管制,帮办,放纵,把持,大驾,驾驭,逼迫,尊驾,放手,妥协,克制,放胆,限度,左右,傍边,战胜,抑制,压迫,主办,甩手,草率,应付,主管,职掌,管束,抑遏,限定,拼凑,掌握,担任,凑合,将就,罢休,支吾,结束,控制,节制,压抑,中间,忍耐,驾御,放任,马虎,支配,贬抑,限制,撒手,台端,负责,约束,压榨,搪塞,强迫"
212,"货物,物品,货色,货品"
215,"检验,检修,检讨,搜查,教练,训练,检查,搜检,锤炼,查验,陶冶,锻炼,查抄,磨练,考验,锻练,磨炼,熬炼,反省"
218,"设置,建设,创办,创设,建造,确立,装备,配置,开办,创建,树立,安装,成立,装置,设备,装配,竖立,建立,创立,扶植,建树,设立,建筑"
221,"均匀,匀称,平均"
224,"纳税,免税"
227,"深度,广度"
230,"运送,运输,输送"
233,"招引,吸引"
236,"宽大,广大,辽阔,宽广,宽敞,众多,壮阔,广博,空旷,浩繁,空阔,开阔,广阔,宽阔,浩瀚"
239,"进献,进贡,贡献,奉献"
242,"真谛,真义,真理"
245,"以上,以下"
248,"考据,试验,视察,观望,窥测,实习,参观,观察,考查,考证,窥探,尝试,调查,稽核,窥察,观看,考核,实践,侦伺,考试,实验,实行,测试,表面,测验,旁观,见习,寓目,阅览,考察,侦察,侦查,侦探,捕快,窥伺,理论,审核,查核"
251,"冗杂,冗长,杂乱,动乱,骚乱,参差,紊乱,零乱,错乱,繁杂,庞杂,凌乱,暴乱,繁芜,纷乱,芜杂,混乱,暴动,错杂,杂沓,复杂"
254,"受贿,纳贿"
256,"巡缉,放哨,察看,稽查,观望,视察,查看,观察,巡哨,旁观,稽察,巡视,巡查,审阅,审查,张望,巡逻,检察,巡察,查察,观测,梭巡"
259,"微型,大型"
262,"其实,原先,正本,平素,一贯,原本,平昔,素来,原来,复本,本来,历来,印本,副本,一向,一直,向来,从来,蓝本"
265,"退休,在职"
268,"用具,器材,器械,对象,方针,器具,偏向,东西,标的,方向,目标,目的,工具,倾向,宗旨"
271,"止宿,过夜,歇宿,留宿,住宿"
274,"风波,风浪"
277,"没收,充公"
280,"人口,生齿,人丁"
283,"当时,其时"
286,"抚育,侍候,侍奉,伺候,奉养,供养,扶养,养活,赡养,服侍,抚养,奉侍"
289,"穷苦,贫瘠,困顿,贫苦,清贫,清苦,困穷,拮据,窘蹙,贫乏,贫寒,穷困,窘困,缺少,缺乏,窘迫,困窘,痛苦,疾苦,匮乏,贫窭,贫困,贫贱,穷乏,贫穷,困苦"
292,"这些,那些"
295,"均衡,不均,平衡"
298,"超越,不如"
301,"不法,遵法,为善,作恶,非法,犯罪,守法,犯法,违法,犯科,造孽,坐法"
304,"恋人,爱人,情人"
307,"下头,上面,上头,里面,上边,上方,下方,内部,外部,内里,底下,下面"
310,"细软,首饰,饰物"
313,"礼物,礼品"
316,"降生,死亡,家世,生长,活命,出生,诞生,出世,门第,生存,身世,存在,出身"
319,"降职,升任"
322,"私方,官方,民间"
325,"同性,异性"
328,"劝诫,警告,劝告,规劝,告诫"
331,"藏匿,闪避,躲藏,逃匿,逃避,暗藏,避让,隐秘,躲避,走避,荫蔽,规避,遮掩,回避,窜匿,隐藏,埋伏,潜匿,避开,匿伏,窜伏,潜藏,隐匿,埋没,潜伏,湮没,隐蔽,遁藏"
334,"职员,人员"
337,"细节,梗概"
340,"数以万计,屡见不鲜,成千上万,层见叠出,不足为奇,数见不鲜,层见迭出,家常便饭,比比皆是,层出不穷,习以为常,无独有偶,恒河沙数,粗茶淡饭,多如牛毛,见怪不怪,司空见惯,熟视无睹,车载斗量,粗衣粝食,不计其数,成双成对"
343,"成果,本相,结局,功效,最终,后果,终归,生效,收场,终于,收获,奏效,虚实,成绩,收成,效果,底细,收效,效力,终究,结束,功用,究竟,结果,毕竟,原形,内情,恶果,实情,效用,成就,到底,总算,开场,效率,了局,成效,功能,底蕴,终极,见效,真相,黑幕,终局,事实,内幕,终场,开头"
346,"有时,不常,无意,不料,平时,偶然,巧合,意外,不意,战时,偶尔,不测,不虞,碰巧,一时"
349,"脱逃,逃离,叛离,逃走,回归,逃脱"
352,"破烂,稀疏,疏落,凋零,战败,败北,罕见,打击,朽败,稀有,古旧,稀薄,腐臭,陈旧,干涸,溃烂,枯竭,失利,获胜,零落,古老,陈腐,稀少,落莫,失败,残落,败阵,倒退,攻击,枯萎,凯旋,干燥,退让,恶臭,脱落,破旧,凋谢,零散,挫折,败仗,雕残,腐败,稀奇,腐化,零碎,霉烂,让步,淡薄,衰弱,雕零,丰美,凋落,稀罕,衰落,珍稀,迂腐,抨击,腐烂,障碍,铩羽,贪污,曲折,衰竭,寥落,式微,退步,胜仗,褴褛,干枯,老套,零星,波折,腐朽,枯槁,雕谢"
355,"咨询,询查,询问"
358,"蓦然,骤然,猛然,忽然,猝然,陡然,忽地,突然,赫然,蓦地,倏地"
361,"险些,实在,委实,准确,无误,的确,几乎,正确,信得过,凿凿,真正,真实,确切,简直,可靠,靠得住,切实,确实,精确,确凿"
364,"首先,当初,最后,结尾,最终,结果,终端,末端,率先,最初,开初,终局,末了,起初,末尾"
367,"典范,样板,榜样,样品,楷模,范例,样本,典型,规范,模范,表率"
370,"下旬,上旬"
373,"财政,财务"
376,"质疑,猜疑,困惑,迷惑,疑心,怀疑,猜忌,疑惑,疑虑,狐疑"
379,"似是而非,硕大无朋,自相矛盾,格格不入,破绽百出,张冠李戴,具体而微,漏洞百出"
382,"盘货,清点,盘点"
386,"被迫,强制,压迫,强迫,逼迫,被动,强逼"
389,"大量,许多,小额,大批,大宗,小量,巨额"
392,"凝睇,防范,凝视,防守,防备,卫戍,注目,醒目,守御,戍守,守护,谛视,精明,防护,防患,璀璨,保卫,绚烂,注意,绚丽,灿烂,警觉,显眼,耀眼,戒备,预防,防御,警惕,避免,鲜艳,刺眼,审视,注视,凝望,属目,幸免,机警,防止,抗御,守卫,警悟,瞩目,防卫,提防,警备,显目,警醒,警戒,夺目"
395,"斟酌,惦念,推敲,琢磨,思索,思考,钻研,研究,想念,切磋,思念,忖量,思虑,砥砺,研讨,磨炼,磨砺,怀念,考虑,思量,挂念,雕琢"
398,"缔结,撕毁,订立,签订,签署"
401,"辱骂,谩骂,诟谇,漫骂,咒骂,叱骂,詈骂,诅咒,唾骂"
404,"岑岭,高峰"
407,"玄色,黑色,血色,白色,赤色,红色"
410,"示弱,认输"
413,"慰问,请安,致敬,问候,存候,致意,安慰,问好,存问,慰劳"
416,"老板,东家,雇主,东主,店主"
419,"目击,目睹,耳闻,眼见"
422,"咱们,我们"
425,"对比,比较,相比,对照,比拟,斗劲,较量"
428,"满身,浑身,全身,周身,混身"
431,"绝对,完全,万万,一概,相对"
434,"干证,旁证"
437,"击败,校服,顺服,克制,章服,号衣,征服,战胜,克服,投诚,取胜,制胜,驯服,屈服,牵制,降服,制伏,投降,军服,掣肘,制服,礼服,打败,治服"
440,"于今,至今"
443,"抵牾,矛盾,抵触"
446,"推倒,推翻"
449,"酒店,旅舍,旅社,仓库,堆栈,栈房,旅馆,客栈,货仓,旅店,客店"
452,"刹那,转瞬,瞬间,刹时,霎时,片刻,短暂,瞬息"
455,"众怒,公愤"
458,"猛烈,激烈,强烈,热烈,剧烈"
461,"疑难,疑问,疑义"
464,"时兴,通行,流行,时尚,通畅,时髦,风行,大作,盛行"
467,"幕后,靠山,布景,后台,前台,背景"
470,"末期,初期"
473,"牢骚满腹,怨气冲天"
476,"不必,不用,不消,无须,何必,必须,何须"
479,"民风,风气,习惯,风俗,民俗,习气,风尚,习俗,习性"
482,"核准,媾和,停火,同意,讲和,赞许,谈判,合同,高兴,议和,开战,容许,拟定,左券,撑持,允许,比武,缔交,协定,相交,应允,制订,许可,和议,订定,交叉,交手,休战,交友,制定,支柱,拟订,应许,公约,照准,平行,寝兵,协议,乐意,停战,准许,兵戈,愿意,结交,支持,递交,首肯,支撑,答应,许诺,允诺,订交,承诺,交兵,开仗,干戈,宣战,接受,应承,开火,批准,答允,赞成,打仗,条约,交锋,应诺,息兵,接触,和谈,认同,交战,战争,构兵,契约,赞同"
485,"职能,性能,机能"
488,"振作,饱满,高涨,抖擞,高潮,发胀,奋起,起劲,起兴,激昂,高兴,焕发,高亢,兴奋,慷慨,嘹亮,亢奋,立志,激动,昂扬,奋发,勤奋,热潮,振奋,丰满,高昂,发愤"
491,"打垮,冲破,粉碎,突破,打破"
494,"上午,上昼"
497,"河山,国界,疆土,疆域,版图,邦畿,边陲,国土,领地,领土,边境,边疆"
500,"提示,提醒,指点"
503,"失礼,无礼,失仪,得体,傲慢"
506,"负气,起火,愤恨,仇恨,愤慨,怨恨,愤激,斗气,憎恨,赌气,盛怒,恼怒,戾气,朝气,生气,气愤,激怒,恼恨,动怒,愤懑,愤怒,痛恨,憎恶,气恼,着火,气忿,激愤,发怒,发火,怨愤,义愤,生机,不满"
509,"丰产,丰收"
514,"比如,比方,比喻,好比,例如,譬喻"
517,"公海,领海,内海"
520,"竭力,戮力,尽力,极力,致力,勉力,全力,努力,尽心,悉力"
523,"船埠,码头"
526,"船主,船长"
529,"通讯,通信"
532,"火器,军器,兵器,军火,武器,刀兵,军械"
535,"功课,作业"
538,"建交,交易,往复,绝交,走动,贸易,接触,往来,邦交,往还,交往,来往,来去,断交,交游,商业,生意,缔交"
541,"兵舰,战舰,艨艟,战船,军舰"
544,"权势,力气,实力,势力,气力,力量"
547,"立场,作风,态度"
550,"严肃,严酷,冷酷,紧迫,严厉,严格,危急,严峻,严苛,严刻"
553,"登场,出场,退场,登台,下台,入场,上台"
556,"太过,太甚,过分,过度"
559,"下车,上车"
562,"迟到,早退"
565,"不明不白,无缘无故,莫名其妙,莫明其妙,平白无故"
568,"对不起,陪罪,抱歉,羞愧,惭愧,歉仄,道歉,抱愧,告罪,对得起,内疚,愧疚"
571,"力争上游,不甘示弱,不甘寂寞,见贤思齐,不甘后人,见德思齐,争先恐后,出头露面"
574,"发迹,起身,起家"
577,"举世闻名,光天化日,众目昭彰,稠人广众,引人注目,众所周知,鲜为人知,妇孺皆知,鼎鼎大名,大庭广众,赫赫有名,大名鼎鼎,路人皆知,有目共睹,公共场所,众目睽睽,尽人皆知,举世瞩目,青天白日,昭然若揭,显而易见,名闻遐迩,人所共知,家喻户晓"
580,"滋味,味道"
583,"文雅,文明"
586,"散发,披发"
589,"象征,标识,标记,暗记,记号,标帜,暗号,信号,标志,符号"
592,"起诉,罢免,撤职,免职,解雇,告状,任用,解任,罢黜,弹劾"
595,"摔倒,颠仆,跌倒"
598,"肯定,相信,置疑,坚信,笃信,信任,轻信,置信,深信,信托,确信,怀疑,信赖"
601,"学习,研习,进修,练习,深造,初学,入门"
604,"毁灭,抛弃,舍弃,消灭,放弃,废弃,扑灭,湮灭,销毁,消亡,烧毁,灭亡,歼灭"
607,"死罪,死刑,极刑"
610,"重伤,轻伤,大捷,重创"
613,"单一,伶丁,孤独,伶仃,孤傲,私自,归属,擅自,孤苦,乏味,独断,复合,独立,孑立,孤寂,独处,寂寞,零丁,简单,专擅,枯燥,自力,独力,私行,简约,孤立,独自,专断,孤单,单独"
616,"退学,入学"
619,"实用,适用,合用"
622,"繁重,深厚,艰巨,沉重,笨重,高深,渊深,悄悄,深重,深沉,阒然,重荷,深奥,寂静,精深,悄然,艰难,寂然,深邃"
625,"清纯,庞杂"
628,"进去,出来"
631,"羁系,幽囚,拘押,囚系,扣留,囚禁,禁锢,监禁,监管"
634,"权威,巨子,巨头,巨擘"
637,"可恨,可憎,可恶"
641,"不幸,祸殃,厄运,可怜,苦难,灾殃,噩运,有利,灾难,恶运,磨难,糟糕,灾荒,折磨,怜悯,晦气,祸患,熬煎,同情,灾祸,祸害,不利,患难,灾害,劫难,魔难,倒霉,磨折"
644,"正路,正式,暂行,正轨,正途,正规,正道"
647,"记着,记取,记住"
650,"名贵,宝贵,珍奇,珍贵,贵重,难得,可贵,珍稀,昂贵"
653,"失望,希望,风物,消沉,光景,颓唐,绝望,得意,景物,悲观,景象,灰心,低落,颓丧,失落,踊跃,风光,景致,景色,风景,沮丧,黯然,消极,失意,无望,神气,低垂,颓靡,颓废,有望"
656,"寻觅,摸索,谋求,物色,寻找,搜索,搜求,征采,探索,探求,寻求,研究,索求,找寻,搜寻,追求,探寻,搜罗,钻营,试探,查究"
659,"重复,频频,一再,再三,反复,屡屡,屡次"
662,"喜剧,笑剧,悲剧"
665,"炎方,南边,南方,北边,北方,朔方"
668,"旁敲侧击,隐晦曲折,节外生枝,拐弯抹角,不可或缺,指桑骂槐,指鸡骂狗,大做文章,必不可少,含血喷人,徒劳无功,多此一举,画蛇添足,横生枝节,含沙射影,恶语中伤,借题发挥,小题大作,徒劳无益"
671,"罪状,不对,痛处,荒谬,裂缝,瑕玷,瑕疵,丰盈,罪过,缝隙,欠缺,恶行,罪戾,谬论,坏处,弱点,过错,舛误,缺欠,罪行,弊端,缺点,短处,差池,罪恶,要害,毛病,清瘦,不足,误差,舛错,谬误,过失,罪孽,荒诞,差错,漏洞,错误,瘦削,愚见,荒唐,舛讹,缺陷,纰谬,偏差,污点,罪责,把柄,罅隙,干瘦"
674,"数目,数量"
677,"敏感,敏锐"
680,"自强,自主,自立,独立,自馁,自决,自助"
683,"缭绕,环绕,围绕,缠绕,萦绕"
686,"人家,自己,自家"
689,"回身,转身"
692,"转危为安,药到病除,死而复生,逢凶化吉,起死回生,死去活来,绝处逢生,妙手回春,着手成春,化险为夷,转败为功,手到病除,转败为胜"
695,"欣慰,慰藉,宽慰,劝慰,抚慰,安抚,安慰"
698,"漏洞,缝隙,裂缝,罅隙"
701,"失慎,不慎"
704,"大地,天外,天际,地面,天空,太空"
707,"后方,前线"
710,"回忆,追溯,纪念,追想,记忆,追究,追念,回顾,追思,思念,影像,追忆,印象,影象,怀念,回想"
713,"县长,邑宰,县令"
716,"重修,重建"
719,"路子,途径,路线,门路,阶梯,蹊径,道路"
722,"拼死,冒死,拼命,拚命"
725,"代办,代劳,代理,代庖"
728,"集会,会议,聚会"
731,"群岛,孤岛"
734,"捧腹大笑,嚎啕大哭"
737,"慈善,慈祥,善良,和善,慈爱,慈悲,仁爱,仁慈"
740,"困难,艰苦,艰巨,凄苦,难题,辛苦,艰辛,难得,可贵,困苦,艰难"
743,"统筹,兼顾,两全,分身"
746,"神秘,奥秘"
749,"轻侮,向往,敬仰,尊重,酷爱,敬爱,爱慕,参观,重视,醉心,崇敬,佩服,唾弃,倾心,钦佩,推崇,恭敬,垂青,羡慕,瞻仰,厚爱,神驰,倾慕,鄙视,敬慕,尊敬,憧憬,推重,热爱,看重,仰慕,敬重,敬服,爱戴,神往,景仰,向慕,敬意,敬佩,尊崇,亲爱,背弃,崇尚,钦慕,崇拜,怀念"
752,"姑且,暂时,临时,短暂,且则,权且,暂且,且自,一时"
755,"广告,告白"
758,"受理,驳回"
761,"同级,上级,下级,上司"
764,"背叛,抵挡,抵御,侵吞,叛逆,占据,伤害,挣扎,拒抗,反水,抵抗,不平,侵犯,侵袭,侵害,掠夺,抗拒,加害,作乱,变节,起义,反叛,进犯,抗衡,顽抗,不服,抵制,侵夺,抵拒,抵当,对抗,招架,扞拒,匹敌,霸占,造反,倒戈,侵占,退赔,陵犯,出击,侵扰,不屈,投降,叛变,侵入,侵略,抗争,反抗,侵陵,哗变,强占,入侵,抗议,迎击"
767,"门槛,门楣"
769,"不言而喻,一目了然,一望而知,无庸赘述,不足齿数,一览无余,一清二楚,不在话下,显而易见,了如指掌"
772,"语重心长,言近旨远,微言大义,意味深长,苦口婆心,谆谆告诫"
775,"闭幕式,开幕式"
778,"欢迎,欢送,宽待,招待,迎接,款待,送行,应接,送别,接待,招呼"
781,"牢记,服膺,切记,忘怀,记挂,遗忘,铭记,遗留,忘记,记得,忘却,健忘,谨记,淡忘,忘掉,铭刻"
784,"窘境,困境,逆境"
787,"乐观,悲观"
790,"缓慢,舒缓,从容,迟缓,迟钝,慢慢,舒徐,缓缓"
793,"节律,节拍,节奏"
796,"侨民,外侨,移民"
799,"身后,暗地,暗中,背地,背后"
802,"重生,新生,复活,更生,再生,复生,再造,回生"
805,"无力,有力"
808,"末年,初年"
811,"邃古,泰初,太古,旷古,古板,上古,近代,守旧,古代,传统,远古,现代"
814,"分派,分拨,分配"
817,"神气十足,高视阔步,昂首阔步,大摇大摆,昂首挺胸,威风凛凛"
820,"权要,官僚,政客"
823,"寒噤,冷战,暗斗,寒战"
826,"付之一笑,置之不理,一笑置之,付诸一笑"
829,"文体,体裁"
832,"无能,多才,庸才"
835,"完蛋,垮台,塌台"
838,"颜色,色彩,脸色,神色,颜料"
841,"政界,官场,宦海"
844,"深渊,深谷"
847,"积压,积存"
850,"久而久之,日久天长"
853,"卡脖子,洽商,洽谈"
856,"做生意,经商"
859,"顾问,照应,参谋,垂问,照看,护理,照管,帮衬,照拂,看护,照顾,照望,照料,关照,光顾"
862,"必恭必敬,毕恭毕敬"
865,"人工,工资,酬劳,薪金,工钱,酬金,人为,报酬,人造,待遇"
868,"凄惨,惨痛,惨恻"
871,"笔挺,垂直,平直,径直,笔直"
874,"旅途,旅程,路程,行程"
877,"远景,前程,前景,前途,出息,出路"
880,"至心,丹心,诚意,诚恳,由衷,忠心,真心,赤心,真诚,诚实,诚信,诚心,衷心,关切,恳切"
883,"口吻,语气,口气"
886,"月底,月初,月尾,月终,月末"
889,"年尾,腊尾,年关,岁暮,年底,年末,岁终,年终"
892,"已定,既定,未定"
895,"生养,生育"
896,"假冒,伪装,假意,假装,假充,装作,真情,冒充"
899,"借债,还债,乞贷,借款,告贷"
902,"毕生,终生,终身"
905,"搁置,弃捐,弃置,搁浅"
908,"压服,说服,劝服,胜过,压倒"
911,"摇曳,悠扬,游荡,涟漪,婉转,晃动,摇动,荡漾,摆动,激荡,挥动,摇晃,晃悠,晃荡,摇摆,动荡,挥舞,动摇,摇荡,摆荡,飘荡"
914,"围剿,剿灭,清剿,剿除"
917,"手杖,拐杖"
920,"伏罪,服罪,认罪"
923,"内在,内涵"
926,"赢余,节余,红利,结余,剩余,盈余,盈利"
929,"礼让,谦让,计较,谦逊,谦虚,谦恭,谦和,虚心,客气,谦卑,不计,客套"
932,"派别,流派,家数,宗派,门户"
935,"关怀备至,体贴入微,袖手旁观,事不关己,坐观成败,见死不救,置身事外,感同身受,漫不经心,无所不至,隔岸观火,漠不关心,漠然置之,无所不知,无微不至,冷眼旁观,八方支援,漠不相关"
938,"解围,得救,获救"
941,"通航,停航"
944,"手舞足蹈,心花怒放,眉飞色舞,喜从天降,载歌载舞,喜形于色,大喜过望,如获至宝,喜出望外,欢喜若狂,欣喜若狂,兴会淋漓,欢欣鼓舞,喜气洋洋,精神焕发,欢天喜地,兴致勃勃,喜上眉梢,兴高采烈,欢呼雀跃,兴趣盎然"
947,"出人意外,出其不意,防不胜防,突如其来,出乎意料,猝不及防,从天而下,出人意料,从天而降,出人意表,出乎意外"
950,"下课,上课"
953,"安心,定心,释怀,安然,宁神,放心,坦然,宽心"
956,"体育场,运动场"
959,"公馆,第宅,私邸,官邸,私宅,公寓"
962,"小偷,扒手,窃贼,翦绺,小窃"
965,"一无所获,一无所得"
968,"追随,跟随,仆从,追逐,作陪,奉陪,随从,随同,陪同,伴随,伴同,陪伴,尾随,跟从,跟班"
971,"更阑,夜半,深夜,子夜,半夜,深宵,午夜,夜深,夜阑"
974,"障蔽,屏蔽,屏障,樊篱"
977,"敌手,对手"
980,"抵偿,补偿,赔偿"
983,"曲线,直线,折线"
986,"随心所欲,为所欲为,以身试法,胡作非为,胆大包天,横行霸道,专横跋扈,恣意妄为,无法无天,肆无忌惮,飞扬跋扈,作奸犯科,为非作歹,胆大妄为,惹是生非,违法乱纪,无所顾忌"
989,"假象,真象"
992,"假日,沐日"
995,"勉强,牵强"
998,"有口无心,信口开河,口口声声,巧舌如簧,口是心非,名不副实,海枯石烂,两面三刀,假仁假义,糖衣炮弹,指天誓日,表里不一,言不由衷,心口不一,甜言蜜语,能说会道,伶牙俐齿,言而有信,花言巧语,徒有虚名,能言巧辩,信誓旦旦,阳奉阴违,能言善辩,口蜜腹剑,虚有其表"
1001,"门堪罗雀,门可罗雀"
1004,"抢购,抛售"
1007,"偏向,倾向"
1010,"步履维艰,欲罢不能,进退为难,进退两难,左右为难,骑虎难下,不尴不尬,跋前疐后,进退维谷,进退失据,势成骑虎,寸步难行"
1013,"关键,症结,要害,关节,枢纽,毛病,关头,环节"
1016,"末座,次席,首席,末席"
1019,"懵懂,迷糊,模糊,隐晦,隐约,含混,抽象,依稀,空洞,笼统,暧昧,朦胧,昏花,明晰,微茫,胡涂,隐隐,浑浊,含糊,糊涂,混沌,昏黄,费解,晦暗"
1022,"未曾,不曾,未始,未尝"
1024,"乱国,治国"
1027,"星期,礼拜"
1030,"袖珍,小型"
1033,"温暖,和煦,温煦,暖和,温和"
1036,"力争,力图,力求"
1039,"遥遥无期,长此以往,天长日久,久而久之,天荒地老,旷日持久,经年累月,长年累月,猴年马月"
1042,"概述,回首,总结,概括,演绎,转头,回顾,回头,归纳"
1045,"诞辰,生日,寿辰"
1048,"热点,热门,冷门"
1051,"打骂,吵架"
1054,"撕裂,缝合"
1057,"凶犯,凶手"
1060,"坐罪,治罪,科罪,定罪"
1063,"盲目,冲动"
1066,"博览会,展览会"
1069,"行驶,行进"
1072,"凡人,常人"
1075,"逐一,一一"
1078,"鄙俚,恶劣,卑鄙,下游,无耻,上游,卑劣,神圣,低劣,鄙俗,下流"
1081,"奋不顾身,宁死不屈,再接再厉,专心致志,持之以恒,锲而不舍,破釜沉舟,坚韧不拔,坚贞不屈,一以贯之,不屈不挠,孜孜不倦,有头有尾,百折不回,百折不挠,义无反顾,再接再砺,坚定不移,出生入死,夜以继日,从头到尾,坚强不屈,全始全终,来龙去脉,始终如一,勇往直前,业精于勤,坚持不渝,赴汤蹈火,原原本本,义不容辞,坚持不懈,善始善终,一往直前,矢志不移,水滴石穿,舍生忘死,有始有终,一脉相承,视死如归,始终不渝,前因后果,坚忍不拔,废寝忘餐"
1084,"赌钱,打赌,赌博"
1087,"罢手,收手,歇手"
1090,"放洋,出国,出洋"
1093,"惩前毖后,小惩大诫"
1096,"分流,合流,干流,支流,主流"
1099,"灭火,扑灭,焚烧,点燃,熄灭,燃烧,点火,升火"
1102,"头顶,脚下"
1105,"不声不响,大喊大叫"
1108,"牌照,派司,执照"
1111,"忍让,忍受,承受,出让,哑忍,推卸,隐忍,施加,忍耐,容忍"
1114,"归去,回去"
1117,"愈合,开裂,裂开"
1120,"徐行,闲步,漫步,安步,缓步,信步,散步,溜达"
1123,"内力,外力"
1126,"轮替,轮流,轮换,轮番"
1129,"当日,当天"
1132,"浪费,糟蹋,挥霍,徒劳,践踏,奢侈,虚耗,空费,耗费,白费,铺张,枉费,白搭"
1135,"过火,偏激"
1138,"澎湃,彭湃,汹涌"
1141,"难民,哀鸿,灾民,流民,灾黎"
1144,"逐日,每日"
1147,"做客,做东"
1150,"模仿,鉴戒,借鉴"
1154,"州官,州长,州伯"
1157,"阶级,阶层"
1160,"小心翼翼,张皇失措,如临深渊,胆小如鼠,战战兢兢,埋头苦干,不寒而栗,如履薄冰,脚踏实地,谨小慎微,手足无措,毛骨悚然,谨言慎行,心慌意乱,一丝不苟,小心谨慎,不知所措,惊慌失措,心惊肉跳,惊惶失措,不苟言笑,精益求精,束手无策,兢兢业业,胆战心惊,提心吊胆"
1163,"小额,小量,巨额"
1166,"落款,题名"
1169,"恶作剧,开玩笑,寻开心"
1172,"军人,甲士,武士"
1175,"聚餐,会餐"
1178,"心曲,衷肠,衷曲"
1181,"精通,通晓"
1184,"设想,着想"
1187,"房屋,衡宇"
1190,"单子,单据,票据"
1193,"摄生,养生"
1196,"赤身,裸体"
1199,"种别,类型,类别"
1202,"避而不谈,缄口不言,噤若寒蝉,秘而不露,默默无言,只字不提,秘而不宣,三缄其口,默不作声,守口如瓶,退避三舍"
1205,"克扣,榨取,盘剥,抽剥,压榨,压迫,搜括,聚敛,搜刮,剥削"
1208,"豪爽,宏放,豪放,大方,旷达,豁达,慷慨,豪迈"
1211,"咸水,淡水"
1214,"超级,超等"
1217,"电影,影戏,片子"
1220,"顶点,极点"
1223,"室第,居处,室庐,住所,住宅"
1226,"省城,省会,省垣"
1229,"郑重其事,像模像样"
1232,"测量,丈量,衡量"
1235,"对联,春联,对子"
1238,"地盘,地皮,土地"
1241,"高速,低速"
1244,"未必,不一定"
1247,"显贵,权臣,权贵"
1250,"中庸之道,畸轻畸重,不偏不倚"
1253,"克尽厥职,舍生取义,肝脑涂地,以身殉职,玩忽职守,以身许国"
1256,"窍门,秘诀,诀窍,法门"
1259,"搪瓷,珐琅"
1262,"逾期,过期,过时"
1265,"清澄,清亮,清晰,清新,澄澈,澄莹,澄清,清澈"
1268,"上报,下达,下发"
1271,"军力,兵力"
1274,"吸烟,抽烟"
1277,"啼饥号寒,嗷嗷待哺,饥寒交迫"
1282,"屠戮,格斗,残杀,交兵,夷戮,干戈,斗争,拼搏,比武,杀戮,诛戮,搏斗,奋斗,打仗,屠杀,战役,接触,交锋,交手,战斗,兵戈,战争,交战,构兵,杀害"
1285,"深入人心,家喻户晓"
1288,"先人,祖先,祖宗"
1291,"咆哮,呼唤,召唤,呼喊,呼叫,呼啸"
1294,"引人入胜,回味无穷,耐人寻味"
1297,"怨气,缅想,伤悼,哀怨,缅怀,纪念,悼念,哀悼,悲悼,怀念,哀伤,追悼"
1300,"军师,智囊"
1303,"空谈,实践,实干"
1306,"阻绝,杜绝"
1309,"固结,冻结,凝集,凝固,凝聚,凝结"
1312,"租金,房钱"
1315,"放宽,宽松,紧缩,收紧"
1318,"大将,上将"
1321,"亲朋,亲友"
1324,"恶徒,坏人,暴徒,歹徒,凶徒,奸人,凶人,恶人"
1327,"噩梦,梦魇"
1330,"晕头转向,昏昏沉沉,胡里胡涂,浑浑噩噩,糊里糊涂,混混沌沌,昏头昏脑,浑浑沌沌"
1333,"眩晕,昏迷,昏厥,晕厥"
1336,"左边,右边"
1339,"滞留,淹留"
1342,"演练,操练,排练,排演"
1345,"异族,同胞,同族"
1348,"陶醉,沉浸,沉醉"
1351,"横眉,抬头,昂首,仰面,俯首,低头"
1354,"为虎添翼,锦上添花,精益求精,助纣为虐,千锤百炼,助桀为虐,为虎傅翼,如虎添翼,为虎作伥"
1357,"不可思议,神乎其神,不可捉摸,不堪设想,咄咄怪事,莫名其妙,凶多吉少,危如累卵,可想而知,妙不可言"
1360,"目录,目次"
1363,"去处,行止,去向"
1366,"关口,关隘"
1369,"八两半斤,棋逢对手,不分胜负,平分秋色,工力悉敌,求同存异,平起平坐,云泥之别,不相上下,各有千秋,分庭抗礼,大同小异,一模一样,势均力敌,半斤八两,相差无几,旗鼓相当,等量齐观,如出一辙,伯仲之间"
1372,"先遣,后续"
1375,"快车,慢车"
1378,"严守,违背"
1381,"愚昧,迂曲,愚笨,拙笨,愚蠢,迟缓,痴钝,呆笨,无知,迟钝,愚钝,顽固,呆滞,迟笨,痴呆,开化,笨拙,蒙昧"
1384,"源头,泉源,源流"
1387,"原文,译文"
1390,"供不应求,粥少僧多,供过于求,求过于供"
1393,"不时之须,不时之需"
1396,"与日俱增,成年累月,有增无已,日积月累,积少成多"
1399,"丑陋,貌寝,寝陋,丑恶,丢脸,难看"
1402,"神医,名医,庸医,良医"
1405,"自相矛盾,格格不入"
1409,"奇形怪状,稀奇古怪,斑驳陆离,千奇百怪,五花八门,光怪陆离"
1412,"孝子,逆子"
1415,"液态,固态"
1418,"睿智,贤明,英明"
1421,"民防,国防"
1424,"合计,小计"
1427,"造谣中伤,侃侃而谈,大吹大擂,大张其词,蜚短流长,娓娓而谈,巧舌如簧,出言无状,伶牙俐齿,自卖自夸,造谣生事,大言不惭,出言不逊,血口喷人,对答如流,出口成章,含血喷人,夸夸其谈,出口伤人,滔滔不绝"
1430,"路过,途经"
1433,"离隔,隔开"
1436,"胡扯,胡说,瞎说,乱说,名言,瞎扯"
1439,"人心,民气,民心"
1442,"河干,河滨,河边"
1445,"神仙,仙人"
1448,"日夜,昼夜"
1451,"咬牙切齿,忍无可忍,恨之入骨,深恶痛绝,拍案而起,痛心疾首,切齿痛恨,捶胸顿足,切齿腐心,恨入骨髓"
1454,"潜在,潜伏"
1457,"源远流长,源源而来,源源不绝,源源不断,绵绵不断"
1460,"下学,放学,上学"
1463,"加官晋爵,下车伊始,走马上任,粉墨登场,抛头露面,袍笏登场"
1466,"名门,望族,权门,王谢,朱门,大户,蓬门,寒门,豪门"
1469,"一概而论,颠三倒四,危言耸听,混为一谈,耸人听闻,指鹿为马,相提并论,并为一谈,语无伦次,骇人听闻,无中生有,胡说八道,混淆黑白,同日而语,等量齐观,不分青红皂白,颠倒是非,混淆视听,是非不分,胡言乱语,颠倒黑白"
1472,"农具,耕具"
1475,"蜂拥而至,掩鼻而过"
1478,"舍本求末,一石二鸟,事倍功半,因小失大,舍本逐末,得不偿失,劳民伤财,贪小失大,一举两得,大兴土木,一箭双雕,舍近求远,两全其美,一箭双鵰"
1481,"倾斜,歪斜"
1484,"甘拜下风,心服口服,心悦诚服,五体投地"
1487,"攀附,攀援,高攀"
1490,"此伏彼起,此起彼落,此起彼伏,接连不断"
1493,"捐献,捐募,募捐,捐赠"
1496,"发热,退烧,发烧,发冷"
1499,"散漫,松懈,麻痹,懒散,麻木"
1502,"无中生有,信口雌黄,造谣生事"
1505,"酿祸,造福"
1508,"人云亦云,随声附和,拾人牙慧"
1511,"蔚成风气,约定俗成,蔚然成风,相沿成习"
1514,"恶习,新风,旧习,陋习,成规,陈规,陋俗,鄙俗"
1517,"娘家,婆家,外家"
1520,"香闺,内室,闺阁,闺房"
1523,"经办,包揽,包办,承办"
1526,"保密,泄密"
1529,"蝉联,留任,连任"
1532,"风靡一时,盛极一时,风行一时"
1535,"有条不紊,有条有理,井井有条,轻重缓急,井然有序,缓急轻重,头头是道,齐齐整整,有板有眼"
1537,"按图索骥,始终如一,刻舟求剑,照本宣科,率由旧章,如法炮制,一如既往,一成不变,萧规曹随,自始至终,因循守旧,始终不渝,故步自封,生搬硬套,依样葫芦,胶柱鼓瑟"
1540,"捕风捉影,道听途说,子虚乌有,狐埋狐搰,无中生有,系风捕影,荒诞不经,望风捕影,齐东野语,海外奇谈,疑神疑鬼,小道消息"
1543,"狂风,暴风,和风"
1546,"失职,渎职,尽职,失责,溺职"
1549,"下行,上行"
1552,"跃跃欲试,触景生情,擦拳磨掌,擦掌磨拳,摩拳擦掌,蠢蠢欲动,见猎心喜,擦拳抹掌,技痒"
1555,"得病,抱病,生病,害病,患病,染病"
1558,"创巨痛深,不堪回首,悲痛欲绝,痛哭流涕,痛不欲生,痛定思痛"
1561,"无所不包,包罗万象,一应俱全,应有尽有,面面俱到"
1564,"示威,请愿"
1567,"演奏,吹奏"
1570,"责无旁贷,在所不辞,推三阻四,见义勇为,义无反顾,当仁不让,匹夫有责,义不容辞"
1573,"学费,膏火"
1576,"一衣带水,近在咫尺,天涯比邻"
1579,"早饭,晚餐,早餐"
1582,"入耳,中听"
1585,"科场,考场"
1588,"蓬头历齿,暮气沉沉,倚老卖老,老气横秋,死气沉沉,委靡不振,齿豁头童,老态龙钟,灰心丧气,头童齿豁"
1591,"同病相怜,无可非议,未可厚非,同心同德,同心协力,同心戮力,同心合力,群策群力,通情达理,和衷共济,患难与共,合情合理,惺惺相惜,通力合作,同舟共济,同甘共苦,风雨同舟,集思广益,逼上梁山,情有可原"
1594,"同归于尽,玉石俱焚,两败俱伤,两虎相争"
1597,"颠扑不破,铜墙铁壁,固若金汤,稳如泰山,森严壁垒,牢不可破,坚不可摧"
1600,"宽大为怀,宽宏大量,网开一面"
1603,"说情,讨情,求情"
1606,"极量,过量,适量"
1609,"全新,独特,簇新,清新,稀奇,奇怪,古怪,奇异,独有,怪异,清爽,奇特,稀罕,怪僻,新奇,特别,瑰异,鲜嫩,奇幻,奥妙,专有,新鲜,别致,离奇,神奇,崭新,新颖,希奇,奇奥,奇妙,独占,独吞,特有,特殊"
1612,"子妇,媳妇"
1615,"自讨苦吃,咎由自取,罪有应得,自食其果"
1618,"各抒所见,评头论足,众说纷纭,畅所欲言,说长道短,知无不言,言人人殊,说三道四,各抒己见,言无不尽,议论纷纷,众口纷纭,争长论短,各持己见"
1621,"可见一斑,管中窥豹"
1624,"天黑,入夜"
1627,"度日,过活"
1630,"奢侈品,必需品"
1633,"国学,国粹"
1636,"异口同声,众口一词,不谋而合,异曲同工,如出一口,殊途同归,不约而同"
1639,"谜底,答案"
1642,"趸批,零卖,批发,零售"
1645,"近亲,天伦,嫡亲,至亲"
1648,"噪音,乐音"
1651,"唠叨,叨唠,絮叨,絮聒,啰嗦"
1654,"行李,行装,行囊"
1657,"奸臣,奸贼,佞臣"
1660,"皇帝,天子"
1663,"压倒元白,名列前茅,出类拔萃,独占鳌头,鹤立鸡群,超群绝伦,首屈一指"
1664,"条记,笔记,札记"
1667,"前辈,先进,先辈,前代"
1670,"言之凿凿,千真万确,金科玉律,毋庸置疑,颠扑不破,人之常情,理所当然,无可置疑,清规戒律,不容置疑,天经地义,顺理成章,入情入理,至理名言,无庸置疑,铁证如山,金口玉言,深信不疑,确切不移"
1673,"勘探,勘测,测量,勘察"
1676,"昏迷不醒,不省人事"
1679,"高材生,低能儿"
1682,"清水,净水,污水,浑水"
1685,"生死关头,紧要关头,生死存亡,生死攸关"
1688,"聪明才智,聪明智慧"
1691,"谛听,倾听,凝听,聆听,细听"
1694,"混水摸鱼,蒙混过关"
1697,"嘈杂,喜庆,热闹,鼓噪,喧嚣,欢喜,喧闹,嚷闹,喧哗,喧嚷,吵闹"
1700,"大刀阔斧,雷厉风行"
1703,"军装,戎服,戎衣"
1706,"驾雾腾云,腾云驾雾"
1709,"潮水,潮流"
1712,"小巫见大巫,相形见绌"
1715,"哗然,悄然"
1718,"创业,守业"
1721,"折扣,扣头"
1724,"灵机一动,心血来潮"
1727,"私章,公章"
1730,"名士,名人,绅士,闻人,名流"
1733,"透亮,透明,晶莹"
1736,"密意,深情"
1739,"加薪,减薪"
1742,"走运,幸运,行运,运气,荣幸,交运,好运,庆幸,侥幸,倒霉,幸好"
1745,"改行,转业"
1748,"夸口,夸耀,卖弄,吹法螺,吹牛,炫耀"
1751,"从善若流,从善如流,从谏如流"
1754,"改过迁善,面目一新,乔装打扮,改头换面,耳目一新,涂脂抹粉,洗手不干,脱胎换骨,焕然一新,从善如流,改邪归正,改名换姓,弃暗投明,焕然如新,洗心革面,痛改前非,面目全非,改过自新,闻过则喜,改名易姓"
1757,"争先,抢先"
1760,"难懂,难解"
1763,"汽锅,锅炉"
1766,"月俸,月给,月薪"
1769,"万贯家财,腰缠万贯,富可敌国,富埒王侯,日进斗金,财大气粗"
1772,"垂涎三尺,馋涎欲滴,狼子野心,利欲熏心,野心勃勃,垂涎欲滴"
1775,"素菜,荤菜"
1778,"妒忌,嫉妒,吃醋,嫉恨"
1781,"复书,回信,覆信,回音"
1784,"世交,世仇"
1787,"日落,日出"
1790,"天文,地理,地文,地舆"
1792,"浩气,邪气,正气"
1795,"下水,上水"
1798,"轻描淡写,蜻蜓点水,粗枝大叶,不痛不痒"
1801,"盟军,敌军,友军"
1804,"习用,惯用"
1807,"勒令,迫令"
1810,"归罪,归咎"
1813,"详述,胪陈"
1816,"死战,决斗,决战"
1819,"祭奠,祭祀"
1822,"某人,或人"
1825,"阴间,地狱"
1828,"注销,刊出"
1831,"典质,抵押"
1834,"果然如此,果不其然,不出所料,料事如神"
1837,"低劣,粗糙"
1840,"雄师,大军"
1843,"引子,序论,媒介,弁言,附录,前言,绪言,正文,序言,绪论"
1846,"本旨,良心,原意,本心"
1849,"厌恶,厌烦,厌倦,嫌恶,憎恶,讨厌,憎恨,厌憎,反感,腻烦,嫌弃,厌弃"
1852,"饱经沧桑,饱经风霜,含辛茹苦,千辛万苦,饱经世故,曾经沧海,坚苦卓绝"
1855,"共享,分享"
1858,"响亮,清脆,嘹亮"
1861,"一目了然,洞若观火,一览无余,一清二楚,明查暗访,尽收眼底,黑白分明,一清二白,了如指掌,明察暗访,洞察一切,明察秋毫,管窥蠡测"
1864,"天道好还,天网恢恢"
1867,"玩笑,打趣"
1870,"闲职,要职"
1873,"坐卧不安,忐忑不安,惊心动魄,惊慌失措,面无人色,悬心吊胆,动魄惊心,坐立不安,惶恐不安,心惊肉跳,惊惶失措,惶惶不安,胆颤心惊,担惊受怕,触目惊心,坐卧不宁,心惊胆战,胆战心惊,心惊胆落,诚惶诚恐,提心吊胆,提心在口"
1876,"剃发,理发,剃头,剪发"
1879,"原籍,祖籍,本籍"
1882,"长裤,短裤"
1885,"抱残守缺,刻舟求剑,墨守成规,循规蹈矩,因循守旧,按部就班,陈陈相因,循序渐进,固步自封,守株待兔"
1888,"非驴非马,不三不四,不伦不类"
1891,"失业,赋闲"
1894,"理科,文科"
1897,"艺人,优伶,演员,伶人,戏子"
1900,"余步,余地"
1903,"预算,决算"
1906,"在野党,执政党"
1909,"优越感,自卑感"
1912,"形而上学,辩证法,玄学,哲学"
1915,"投机倒把,待价而沽,奇货可居,投机取巧,囤积居奇,看风使舵"
1918,"通同一气,称心如意,正中下怀,称心满意,意得志满,差强人意,天衣无缝,自圆其说,谢天谢地,水乳交融,无隙可乘,如愿以偿,完美无缺,同流合污,精美绝伦,无懈可击,十全十美,点水不漏,尽善尽美,心满愿足,踌躇满志,滴水不漏,完好无缺,沆瀣一气,天从人愿,心满意足,狼狈为奸,浑然一体,尽如人意"
1922,"颔首,摇头,点头"
1925,"巍峨,突兀,高耸,耸立,屹立,低矮,矗立"
1928,"迢遥,遥远,远处,远方"
1931,"言听计从,千随百顺,深信不疑,言听计用,百依百顺,唯命是从"
1934,"慢性子,急性子"
1937,"娇媚,妩媚"
1940,"玩法,弄法"
1943,"做作,造作"
1946,"重办,严惩"
1949,"美人,佳丽,丽人,佳人"
1952,"庶务,杂务,琐事,总务,碎务,琐务"
1955,"小雪,大雪"
1958,"西药,中药"
1961,"尔后,而后"
1964,"缘分,因缘,人缘,分缘"
1967,"女郎,青娥,仙女,老媪,老妇,少女"
1970,"雨季,旱季"
1973,"避难就易,避重就轻,避实就虚,就事论事"
1976,"托钵,讨饭,乞食"
1979,"定居,飘泊,漂浮,游牧,流浪,漂泊,遁迹,避难,出亡,流亡,逃亡,流落,漂流,亡命,流离,隐迹"
1982,"道教,玄门,玄教"
1985,"小人,正人,君子"
1988,"可鄙,可敬"
1991,"支吾其词,吞吞吐吐,支支吾吾,含糊其辞,秘而不宣,隐约其辞,闪烁其辞,心怀叵测,高深莫测,模棱两可,模棱两端,守口如瓶,不置褒贬,难言之隐,不可告人,别有用心,含糊其词,闪烁其词,不置可否,善罢甘休,息事宁人,讳莫如深"
1994,"步卒,步兵"
1997,"重担,重任"
2000,"千疮百孔,满目疮痍"
2003,"加压,减压"
2006,"交心,谈心"
2009,"常事,奇事"
2012,"立誓,赌咒,发誓,宣誓,起誓"
2015,"口味,口胃"
2018,"不求甚解,一目十行,走马观花,囫囵吞枣,生吞活剥"
2021,"骄奢淫逸,金迷纸醉,骄奢淫佚,醉生梦死,灯红酒绿,纸醉金迷,酒绿灯红,花花世界,穷奢极欲,花天酒地"
2024,"有备无患,防患未然,曲突徙薪,有恃无恐,未焚徙薪,防微杜渐,未雨绸缪,以防万一"
2027,"碉堡,城堡,堡垒,营垒"
2030,"弹指之间,转眼之间,稍纵即逝,一朝一夕,转瞬之间,昙花一现,一时半刻,好景不长,曾几何时"
2033,"怒目,怒视,瞪眼,努目"
2036,"纤弱,温存,硬化,温柔,懦弱,轻柔,懦夫,怯弱,温和,柔弱,温情,软弱,温文,柔和,弱小,软化,柔软,怯夫,板结,怯懦,松软,温顺,强硬"
2039,"腐蚀,侵蚀,腐化"
2042,"寸心,寸衷"
2045,"精神抖擞,八面威风,精神百倍,气宇轩昂,气势汹汹,意气风发,英姿焕发,英姿勃勃,英姿飒爽,神采奕奕,神采飞扬,精神焕发,春风得意,威风凛凛,容光焕发"
2050,"街头巷尾,四面八方,大街小巷,五湖四海"
2053,"监工,管工,督工"
2056,"后记,跋文"
2059,"以儆效尤,杀鸡儆猴,杀一儆百"
2062,"怒冲冲,气呼呼,气汹汹,气冲冲,气鼓鼓"
2065,"大方之家,行家里手,训练有素,挥洒自如,识途老马"
2068,"档子,案卷,档册,档案"
2071,"变数,常数"
2074,"口说无凭,空口无凭"
2077,"凉快,清凉,凉爽"
2080,"敢做敢当,敢作敢为"
2083,"失眠,沉睡,入睡,甜睡,入梦,酣睡,熟睡,安眠"
2086,"震耳欲聋,沸沸扬扬,沸反盈天,摇旗呐喊,振聋发聩,七嘴八舌,醍醐灌顶,议论纷纷,人欢马叫,七言八语,人声鼎沸,人多口杂"
2089,"失路,迷途"
2092,"赛马,跑马"
2095,"借重,借势"
2098,"气味,气息"
2101,"漂荡,飘舞,飘扬,招展,飘荡,飘零"
2104,"死不改悔,屡教不改,死心塌地,执迷不悟,故作姿态,顽固不化,我行我素,班门弄斧,自以为是,自命不凡,不可理喻,至死不悟,至死不渝,固执己见,一意孤行,刚愎自用,自作聪明,独行其是,夜郎自大,独断专行"
2107,"土头土脑,土气"
2110,"疲惫不堪,筋疲力尽,精疲力竭,精疲力尽"
2113,"寄宿,投止,投宿"
2116,"适龄,超龄"
2119,"加班,怠工"
2122,"匪夷所思,想入非非,胡思乱想,痴心妄想,异想天开"
2125,"沾沾自喜,乐在其中,悠然自得,踌躇满志,怡然自得,得意忘形,乐此不疲,趾高气扬,得意洋洋,乐不可支,洋洋自得,自得其乐,自鸣得意,乐而忘返"
2128,"暗中摸索,茅塞顿开,豁然大悟,豁然开朗,如梦初醒,恍然大悟,老马识途,豁然贯通"
2131,"收藏,保藏"
2134,"空荡荡,满登登"
2137,"本子,簿子"
2140,"沙弥,高僧"
2143,"文臣,文吏,文官"
2146,"不知所措,无所适从,莫衷一是"
2149,"不负众望,不辱使命"
2152,"白日做梦,荒诞不经,痴人说梦,痴心妄想"
2155,"废话,空言,空话,空论"
2158,"蛋白,卵白"
2161,"见智见仁,见仁见智"
2164,"花哨,素气,浓艳,素净"
2167,"外文,外语"
2170,"卓识,高见"
2173,"家徒四壁,两手空空,环堵萧然,家徒壁立,一寒如此,一贫如洗,身无长物,身无分文,一无所有,贫无立锥,室如悬磬,一无所知,倾家荡产,空空如也"
2177,"各取所需,各得其所"
2180,"物尽其用,人尽其才,任人唯贤"
2183,"搬动,挪动,移动,蠕动,蠢动"
2186,"薄利,暴利"
2189,"看破,看头,看透,看穿,识破"
2192,"顽劣,纯良"
2195,"心血,劳力,血汗,劳心"
2198,"出生率,死亡率"
2201,"总而言之,一言以蔽之"
2204,"客居,旅居"
2207,"义士,烈士"
2210,"恩情,恩德,恩典,恩泽,恩惠,恩义,膏泽"
2213,"捶打,敲击,敲打"
2216,"喜笑颜开,笑逐颜开,眉开眼笑,眉飞色舞"
2219,"借字,借券,欠据,借据,借条,借单,借约"
2222,"奔波,奔走,奔忙"
2225,"寂寂无闻,神不知，鬼不觉,不知不觉,无名小卒,无声无息,悄然无声,马前卒,默默无闻,没没无闻"
2228,"信口开河,脱口而出,胡说八道,信口雌黄,胡说乱道,心直口快,胡言乱语"
2231,"半夜三更,夜阑人静,夜深人静,万籁俱寂"
2234,"风扇,电扇"
2237,"牢狱,缧绁,监仓,监狱,监牢"
2240,"稀释,浓缩"
2243,"轻佻,轻浮,轻狂,轻薄,浮滑"
2246,"一改故辙,急转直下,改弦易辙,大势所趋,一反常态"
2249,"告密,告发,密告"
2252,"讨债,讨帐"
2255,"诬陷,诬告"
2258,"民怨沸腾,人神共愤"
2261,"凝华,升华"
2264,"承上启下,承前启后,承先启后,继往开来"
2267,"贺词,悼词"
2270,"梁上君子,正人君子"
2273,"热火朝天,万马奔腾,热气腾腾"
2276,"空门,佛门"
2279,"喃喃自语,自说自话,自言自语"
2282,"梦境,黑甜乡,梦乡"
2285,"破门而出,鱼贯而入,破门而入"
2288,"实物,什物"
2291,"小儿,赤子"
2294,"养父,寄父,干爹,干父"
2297,"偏疼,偏爱,偏心"
2300,"捷报,喜报,噩耗,喜事,吉事,喜讯,佳音,喜信"
2303,"受辱,雪耻,包羞"
2305,"出兵,出师,兴兵,发兵,兴师"
2308,"地图,舆图"
2311,"风华正茂,年富力强,孔武有力,身强力壮,拔山举鼎,年轻力壮"
2314,"心上人,意中人"
2317,"咀嚼,品尝,品味,揣摩,体会"
2320,"恩怨,恩仇"
2323,"突然袭击,先礼后兵"
2326,"增设,精简"
2329,"时节,时令,季节,季候"
2332,"宝塔,浮图,浮屠"
2335,"必然性,偶然性"
2338,"民生凋敝,赤地千里,寸草不留,穷乡僻壤,哀鸿遍野,疮痍满目,不毛之地,穷山恶水,百孔千疮"
2341,"山清水秀,绿水青山,旖旎风光,山明水秀,锦绣河山"
2344,"左支右绌,捉襟见肘,顾此失彼"
2347,"旗头,旗手"
2350,"口惠而实不至,空头支票"
2353,"深思远虑,步步为营,稳扎稳打,老成持重,四平八稳,从长计议,少年老成"
2356,"知法犯法,明知故犯,以身试法,见利忘义,监守自盗"
2359,"伐罪,征伐,讨伐,征讨,诛讨,挞伐"
2362,"短文,漫笔,随笔,小品,杂文"
2365,"减法,加法"
2368,"小雨,细雨"
2371,"帆船,风帆"
2374,"山川,山水"
2377,"纷繁,纷纭,纷纷"
2380,"赛跑,竞走"
2383,"条子,便条"
2386,"不务正业,无所事事,好吃懒做,吊儿郎当,游手好闲,好逸恶劳"
2389,"夙兴,早起"
2392,"有口难辩,百口莫辩"
2395,"不名一钱,身无分文,不名一文,囊空如洗"
2398,"平滑,平坦,平整,平缓"
2401,"慈心,仁心,狠心"
2404,"苍翠,碧绿,葱茏,葱翠"
2407,"细活,粗活"
2410,"高抬贵手,手下留情"
2413,"裁缝,成衣"
2416,"挨门逐户,挨家挨户,挨门挨户"
2419,"把脉,评脉,切脉,诊脉"
2422,"书房,书斋,芸窗"
2425,"乞降,求和"
2428,"驻扎,驻防,屯扎,驻守"
2431,"战功,军功"
2432,"平步青云,飞黄腾达,青云直上"
2435,"亲事,婚事"
2438,"定名,命名"
2441,"跺脚,顿脚"
2444,"浩浩,涓涓"
2447,"血流成河,血流如注"
2450,"袅袅婷婷,亭亭玉立"
2453,"火把,火炬"
2456,"还礼,敬礼"
2459,"生老病死,衣食住行"
2462,"斤斤计较,袖手旁观,患得患失,独善其身,利欲熏心,损公肥私,假公济私,见死不救,坐视不救,坐观成败,洁身自好,隔岸观火,漠不关心,自私自利,冷眼旁观,自得其乐,讨价还价,损人利己,明哲保身,好好先生"
2465,"翻山越岭,天南海北,仆仆风尘,不辞劳苦,餐风饮露,千里迢迢,风餐露宿,栉风沐雨,跋山涉水,草行露宿,抗尘走俗,不远万里,不远千里"
2468,"棋战,对弈,弈棋,下棋,奕棋"
2471,"倾盆大雨,大雨滂沱,滂沱大雨,瓢泼大雨,大雨如注"
2474,"上肢,下肢"
2477,"王八蛋,混蛋"
2480,"亲笔,代笔"
2483,"字斟句酌,精雕细刻,巧夺天工,精益求精,千锤百炼"
2486,"引咎,诿罪"
2489,"浪子,荡子"
2492,"抱头鼠窜,不辞而别,溜之大吉,桃之夭夭,逃之夭夭"
2495,"上工,下工"
2498,"对调,对换"
2501,"横亘,绵亘,绵延"
2504,"锻造,铸造"
2507,"悲欢离合,生离死别"
2510,"斗极,北斗"
2513,"牲畜,牲口"
2516,"设宴,设席"
2519,"无意识,有意识"
2522,"风雨不透,人山人海,水泄不通"
2525,"走江湖,跑码头,跑江湖"
2528,"恒星,恒量,变量"
2531,"繁琐,琐碎"
2534,"追根究底,刨根问底,寻根究底"
2537,"探险,冒险"
2540,"一脉相通,一脉相承"
2543,"大难,浩劫"
2546,"灯谜,文虎,字谜"
2549,"无足轻重,无关大局,无关痛痒,细枝末节,无关紧要,可有可无"
2552,"例外,破例"
2555,"弹性,塑性"
2558,"最大公约数,最小公倍数"
2560,"一马平川,无穷无尽,一望无际,漫无边际,无边无际,应有尽有"
2563,"武功,文治"
2566,"指日可下,指日可待,计日程功"
2569,"丁壮,壮年"
2572,"谦称,尊称"
2575,"寒意,凉意"
2578,"交班,接班"
2581,"慌慌张张,丢魂失魄,急急忙忙,急急巴巴,失魂落魄"
2584,"迷途知返,浪子回头,如梦方醒,恍然大悟,幡然悔悟,悬崖勒马,弃恶从善"
2587,"日落西山,弥留之际"
2590,"话不投机,交浅言深,语不投机"
2593,"上层,表层"
2596,"阵线,战线"
2599,"猛将,虎将"
2602,"炮竹,爆竹,爆仗"
2605,"内奸,外敌"
2608,"人众胜天,人定胜天"
2611,"狂饮,畅饮,浩饮,酣饮,痛饮"
2614,"误杀,故杀"
2617,"奔丧,报喜,报忧"
2620,"板屋,木屋"
2623,"高眼,法眼"
2626,"窃窃私语,窃窃私议,交头接耳"
2629,"纬线,经线"
2632,"勾画,勾勒"
2635,"红彤彤,红扑扑,红通通"
2638,"壮志,宏愿,大志,弘愿,雄心"
2641,"替身,替人"
2644,"东道主,东道主人"
2647,"做官,仕进"
2650,"礼尚往来,投桃报李,有来有往,互通有无"
2653,"体格,体魄"
2656,"左邻右舍,街坊邻里"
2659,"盖世无双,天下第一"
2662,"隔世之感,恍如隔世"
2665,"空腹,空心,枵腹"
2668,"宴客,请客"
2671,"谋事,找事"
2674,"本位主义,个人主义"
2677,"先人后己,舍己为人"
2680,"大惊小怪,大题小做,蜀犬吠日,少见多怪,小题大做"
2683,"自转,公转"
2686,"水涨船高,情随事迁"
2690,"农忙,农闲"
2693,"农历,阴历,旧历,夏历"
2696,"欢蹦乱跳,活蹦活跳,活蹦乱跳"
2699,"打量,端详"
2702,"彩色,黑白"
2705,"睚眦必报,小肚鸡肠,大度包容"
2708,"文不对题,答非所问"
2711,"永夜,长夜"
2714,"发疯,癫狂,发狂"
2717,"暗处,明处"
2720,"指手画脚,比手划脚,指手划脚"
2723,"喜洋洋,喜滋滋,乐滋滋,乐陶陶"
2726,"避祸,逃难"
2729,"调拨,挑唆"
2732,"劳苦功高,丰功伟绩,汗马功劳"
2735,"荟萃一堂,天各一方"
2738,"吝惜,吝啬"
2741,"杀人如麻,生杀予夺,草菅人命,视如草芥"
2744,"酒足饭饱,食不果腹"
2747,"奸骗,奸淫"
2750,"赎身,卖身"
2753,"财路,财源"
2756,"姑息养奸,养虎遗患"
2759,"风云际会,胜友如云,高朋满座"
2762,"劲头,干劲"
2765,"赔了夫人又折兵,损兵折将"
2768,"果腹,充饥"
2771,"愁眉不展,愁眉锁眼,愁眉苦脸"
2774,"冷光,寒光"
2777,"结盟,缔盟,订盟"
2780,"田里,田庐"
2783,"彻夜,通宵"
2786,"草莽,草泽,草野"
2789,"赖帐,认帐"
2792,"开花结果,开花结实"
2795,"列传,传记"
2798,"济济一堂,座无虚席"
2801,"编录,辑录"
2804,"磕头,叩头,叩首"
2807,"净重,毛重"
2810,"轻装上阵,赤膊上阵"
2813,"言教,身教"
2818,"兴替,兴废,兴衰,枯荣,隆替,盛衰,荣枯"
2821,"残年,盛年"
2824,"因祸得福,否极泰来,塞翁失马"
2827,"决赛,初赛,预赛,复赛"
2830,"麻醉剂,止痛药"
2833,"驼背,佝偻"
2836,"远亲不如近邻,远水不救近火"
2839,"满腹狐疑,满腹疑团"
2842,"时装,古装"
2845,"婀娜多姿,千娇百媚,花枝招展"
2848,"负薪救火,扬汤止沸,救火投薪"
2851,"发傻,发楞,发呆"
2854,"将计就计,以其人之道，还治其人之身"
2857,"通风,透风"
2860,"轻风,微风"
2863,"品学兼优,德才兼备,文武双全"
2866,"萌芽,发芽,抽芽"
2869,"先考,先父"
2872,"毒草,香花"
2875,"惶惑,惶遽,惶惶"
2878,"民生国计,国计民生"
2881,"俯瞰,俯视"
2884,"来龙去脉,前因后果"
2887,"必经之路,必由之路,终南捷径"
2890,"举国上下,举国一致,朝野上下"
2893,"溺毙,灭顶,溺死"
2896,"遥望,远望,眺望,远眺"
2899,"严刑,酷刑"
2902,"鄙陋,猥琐"
2905,"含恨,赍恨,抱恨"
2908,"陈规陋习,清规戒律"
2911,"订亲,定亲,订婚,文定"
2914,"沿袭,沿用,因袭,相沿"
2917,"叙旧,话旧"
2920,"莠民,败类"
2923,"眼中钉,肉中刺"
2926,"均权,分权,集权"
2929,"齐唱,合唱,独唱"
2932,"小酌,盛宴,薄酌"
2935,"放歌,低唱"
2938,"美酒,琼浆,旨酒,玉液"
2941,"矫枉过正,过犹不及"
2945,"软骨头,硬骨头"
2948,"策应,接应"
2951,"冷风,凉风"
2954,"寸步不离,形影不离,形影相随,难舍难分,如影随形"
2957,"罄竹难书,擢发难数"
2960,"和约,战书"
2963,"耳聪目明,心明眼亮"
2966,"急流,激流"
2969,"病从口入,病由口入"
2972,"熟食,生食"
2975,"先声夺人,先下手为强,先发制人"
2978,"子孙后代,列祖列宗"
2981,"富商,殷商,巨贾"
2984,"出声,作声"
2987,"无巧不成书,无巧不成话"
2990,"国本,邦本,国脉"
2993,"热带,寒带"
2996,"有声,无声"
2999,"佳话,韵事,美谈,嘉话"
3002,"辞书,词典"
3005,"落潮,涨潮,退潮"
3008,"众叛亲离,不得人心"
3011,"水深火热,民不聊生,水火之中"
3014,"暖色,寒色"
3017,"新语,古语"
3020,"裁军,扩军"
3023,"时不可失,时不我待,机不可失"
3026,"光前裕后,光宗耀祖"
3029,"论资排辈,依流平进"
3032,"分神,分心"
3035,"窈窕淑女,沉鱼落雁,羞花闭月,秀色可餐"
3038,"湿润,潮湿"
3041,"簇拥,蜂拥"
3044,"拖沓,拖拉"
3047,"舶来品,来路货,进口货,水货"
3050,"称兄道弟,情同手足,亲如手足"
3053,"千金,令嫒,掌珠,令媛"
3056,"不修边幅,囚首垢面,蓬头垢面"
3059,"口传心授,口耳相传"
3062,"长袖善舞,多财善贾"
3065,"天宫,玉阙"
3068,"运费,运脚"
3071,"博大精深,博学多才,经天纬地"
3073,"桂花,木樨"
3076,"虚名,实权"
3079,"会堂,礼堂"
3082,"取经,传经"
3085,"看家本领,看家本事"
3088,"为人师表,率马以骥"
3091,"土匪,强盗"
3094,"先入为主,先入之见"
3097,"爪牙,走卒,走狗,虎伥,喽啰,鹰犬"
3100,"解严,戒严"
3103,"闷葫芦,一声不吭"
3106,"烈日,炎阳,骄阳"
3109,"北半球,南半球"
3112,"拨弄,盘弄"
3115,"市情,市道,市面"
3118,"顺路,顺道"
3121,"执笔,援笔,握管"
0,"朝日,向阳,清早,夕晖,晨光,早上,天亮,清晨,平明,破晓,残照,晨曦,黎明,早晨,旭日,朝晖,夕阳,凌晨,平旦,夕照,朝阳,曙光,拂晓"
12,"冷泉,温泉"
15,"猜度,预料,计算,可疑,预感,推断,预计,想到,计较,估量,思疑,忖度,怀疑,猜测,在乎,介意,预见,推测,揣度,臆度,测度,忖测,料到,较量,猜忌,估摸,揣测,推想,意想,嫌疑,狐疑,疑忌,臆测,猜想,争论,疑心,意料,揣摩,困惑,在意,疑惑,疑虑,料想,揣摸,估计,猜疑,蹊跷,预想,臆想,推定"
18,"脱节,挣脱,摆脱,擒获,离开,绑架,远离,脱离,开脱,罗织,解脱,分离,逃脱"
21,"扩展,达成,终结,了结,竣事,斥逐,添加,延伸,完成,伸展,增添,闭幕,实践,推论,杀青,施行,结果,究竟,奉行,减少,举办,减缩,填充,放宽,已矣,裁减,增大,归属,收容,填补,加添,减削,蔓延,开展,落成,实行,而已,罢了,竣工,到底,完了,遣散,了局,兑现,终局,消耗,下场,停止,增补,履行,补充,未了,舒展,删减,放大,归宿,了却,推行,补偿,云尔,增长,赶走,驱逐,告终,践诺,引申,摈弃,收紧,进行,算了,完毕,结局,举行,结尾,添补,收场,增加,执行,缩减,完结,削减,扩大,完工,告竣,实施,住手,实现,扩张,推广,完竣,省减,伸张,结束,弥补,遣送,紧缩,收留,扩充,解散"
24,"到场,入席,参与,参预,离开,出去,退出,插足,加入,介入,参加,插手,出席,进来,进入,投入,专注,缺席,退席,坐视"
27,"地下,地核,地表,公示,天上,公布,公开"
30,"生性,素性"
33,"掩盖,覆盖,袒护,包围,粉饰,掩藏,回护,隐瞒,笼盖,掩护,漫溢,突围,遮蔽,包裹,遮挡,笼罩,泛滥,包庇,遮掩,掩饰,裸露,弥漫,保护,隐藏,围困,庇护,掩蔽,遮盖,佑护,容隐,偏护"
36,"讨好,趋承,谄媚,趋附,凑趣儿,谀媚,趋奉,相投,巴结,勾通,取悦,奉承,勾引,相合,投合,勾结,串通,献媚,勾搭,迎合,市欢,恭维,谄谀,奉迎,阿谀,逢迎,勾串,夤缘"
39,"特性,特质,禀赋,性子,脾气,天赋,天才,后天,天性,特色,共性,通性,天生,生成,特征,先天,赋性,特点,天资,性情,个性,资质,天分,本性,脾性,性格,天禀"
42,"功绩,纳贡,功烈,功勋,成就,造诣,成绩,进贡,树立,建立,劳绩,贡献,建树,功劳"
45,"罗致,吸取,吸收,发散,汲取,剔除,接收,摄取,排泄,招揽,排斥"
48,"缔造,建设,创设,开办,树立,设备,开发,建立,创立,建筑,设立,建树,兴办,制造,创办,建造,创作,制作,创造,创制,作战,创建,发现,成立,征战,交战"
51,"最后,结尾,最终,着末,末了,末端,末尾"
54,"职工,员工"
57,"感觉,领会,认为,体味,履历,领悟,领略,视觉,经验,资历,体验,感受,听觉,经历,感应,觉察,资格,感触,嗅觉,体会,触觉,阅历,感想,体认,味觉,以为,觉得"
60,"念书,读书"
63,"浏览,阅读,涉猎,观赏"
66,"必要,需求,需要,须要,不要"
69,"翰墨,笔墨,文字"
72,"剖析,分析,综合,解析,归纳"
75,"阿谁,这个,那个,谁人"
78,"拦截,调治,融合,改造,旋转,禁止,和谐,调度,容许,调动,交流,变更,协和,拦阻,阻拦,互换,诊疗,转移,劝戒,诊治,转圜,倒退,治疗,妥洽,变化,劝阻,保养,交换,更动,转化,融会,妥协,不容,改换,斡旋,规劝,演变,挽回,拯救,替换,调解,阻挡,阻挠,改良,改革,养息,交融,旋绕,转换,更变,劝止,调处,调理,蜕变,退换,退步,救助,革新,变换,更调,改动,休养,瓜代,调剂,演化,扭转,变革,补救,排解,协调,改观,回旋,调停,转动,调换,蜕化,改变,医疗,挽救,退让,换取,转折,调整,替代,更改,调养,疗养,让步,调节,救援,交替,折衷,变动,厘革,营救,和解,解救,更换,抢救,更正,协作,谢绝,医治,不配,劝解,劝导,调和,失调,盘旋,转变"
81,"一经,已经,也曾,曾经"
84,"成本,利润,本钱,资本,血本,资金"
87,"知足,满意,无奈,如意,舒服,中意,合意,快意,对劲,得意,餍足,顺心,惬心,快活,称心,写意,满足"
90,"状态,情景,遭逢,遭遇,景况,境遇,情形,状况,处境,境况,环境,情况,情状,景象,场景"
93,"题目,问题,标题"
96,"短缺,贫乏,欠缺,缺少,缺欠,缺乏,匮乏"
99,"理当,应当,应该,该当"
102,"仍然,效法,仿照,还是,一经,如故,照例,仿造,仍是,临摹,鉴戒,效尤,效颦,模拟,已经,曾经,仿制,仿效,依旧,摹仿,照旧,模仿,仍旧,依然,照样,借鉴"
105,"驱除,倾覆,去除,免去,斥逐,革除,清扫,摈除,打倒,裁撤,打消,建立,拔除,排除,铲除,断根,排出,罢免,撤职,废止,消弭,废除,粉碎,抹杀,驱逐,挽留,捣毁,驱赶,除掉,打垮,免除,打败,破除,除去,根除,扼杀,冲破,勾销,作废,撤除,打破,消释,撤销,消除,拆除,扫除,修复,撵走,突破,排挤,排斥,推翻,取销,留用,推倒,祛除,撤消,消灭,袪除,任命,肃清,解除,遣散,清除,取缔,打扫,颠覆,撤废,取消"
108,"梦想,虚伪,抱负,希望,向往,贪图,自愿,假想,盼望,企盼,志气,志向,企图,理想,欲望,逸想,巴望,传奇,神话,愿望,但愿,期盼,遐想,渴想,企望,空想,意图,志愿,图谋,期待,起色,进展,期望,幻想,心愿,生气,祈望,突破,转机,妄想,憧憬,渴望,神往,意向,妄图,虚幻,生机,指望,希图,事实,理论,希冀"
111,"凭仗,违反,遵照,遵循,违抗,受命,依附,依托,恪守,依赖,凭借,根据,违背,奉命,依照,遵守,遵从,依靠,凭据,仰赖,服从,仰仗,按照,倚赖,衔命,遵命,依据,背离"
114,"急救,斡旋,化缘,搭救,馈赠,旋转,挽回,拯救,声援,救援,布施,救济,援救,调解,捐献,奉送,扭转,赈济,馈遗,捐赠,营救,补救,排解,增援,解救,转圜,抢救,旋绕,回旋,调停,支援,馈送,周济,赠送,调处,改变,救助,挽救,援助,施舍,盘旋,支持,求援,救护"
117,"眼下,如今,现时,目前,而今,当前,目下,将来,现在,今朝,此刻,刻下,当今,方今,往昔,眼前"
120,"引见,选举,推荐,保举,介绍,推举,举荐,推选,指定"
123,"庞大,广大,深远,难忘,淡薄,浩大,隆重,健忘,深入,健硕,远大,浩瀚,透彻,浓密,盛大,强大,深刻,重大,浓厚,强盛,长远,壮大,宏大,宏壮,巨大,羸弱,强记,宏伟,深切,强壮"
126,"教授,功效,作用,熏陶,感激,教养,教导,陶染,教化,谢谢,陶冶,劝化,着力,浸染,感染,沾染,动人,效果,感化,濡染,效力,教学,功用,感动,效劳,熏染,出力,效用,服从,感谢,感导,效率,功能,成效,教诲,教育,影响,感人,打动,效能,传染,习染"
130,"海外,国内,国际,外洋"
133,"史册,史籍,汗青,历史,史乘,史书"
136,"其后,自后,后来"
139,"残害,松懈,伤害,细碎,摧残,作祟,扰乱,和缓,凌虐,破坏,强化,蹂躏,欺压,毁坏,虐待,破损,欺负,粉碎,捣鬼,摧毁,急激,破灭,琐细,损害,欺侮,零散,缓解,糟蹋,捣蛋,反对,作怪,否决,侮辱,零碎,平静,落空,琐屑,松弛,破碎,缓和,紧张,阻挠,废弛,幻灭,激化,败坏,损坏,懈弛,欺凌,捣乱,拆台,凌辱,轻松,撑腰,零星,抗议"
142,"频繁,一再,经常,不再,永远,反复,屡次,屡屡,常常,往往,时时,每每,频仍,时常,通常,频频,再三"
145,"以是,因而,于是,所以,是以,于是乎,因此"
148,"下午,下昼"
151,"全局,部门,局部,片面,单方面,本位,单方,部分"
154,"供应,供给,提供"
157,"断定,确定,判断,肯定,判决,势必,判别,决定,务必,一定,鉴定,确认,必须,判定,必然,必定"
160,"要求,条款,条目,前提,条件"
163,"国度,国家"
166,"近况,现状"
169,"指导,指点,教导"
172,"策略,战略,兵法,战术,兵书,计谋,政策"
175,"摄影,拍照,照相"
178,"劣势,下风,上风,优势"
181,"赏赐,给予,予以,赐予,给与,恩赐,授予,赋予,付与,赐与"
184,"开动,带头,鼓动,启发,带动,鼓劲,引导,鼓励,启动,劝导,开导,鼓舞,动员,诱导,激励,发动,策动"
187,"讨论,计算,琢磨,追究,准备,咨议,谈判,雕塑,预备,酌量,雕刻,企图,探究,谈吐,言谈,研讨,策动,雕镂,寻觅,商议,安排,辞吐,接头,牵挂,参议,物色,商讨,咨询,找寻,唆使,接洽,经营,宗旨,商榷,查究,计议,绸缪,主意,挂念,商量,阴谋,推想,带动,筹办,探讨,磋议,主张,想法,根究,思忖,查办,钻探,目的,猜想,筹议,争论,磨砺,思量,舆论,会商,评论,交涉,想念,索求,舆情,策划,思念,方向,谋划,镌刻,计划,斟酌,对象,惦记,谋求,启发,思考,搜索,缅怀,探寻,推求,倾向,筹备,猜测,方案,谈论,洽商,摸索,打算,偏向,思索,策画,言论,打定,谋略,钻研,寻求,切磋,群情,推测,盘算,设计,忖量,筹划,砥砺,动员,商洽,筹谋,评述,考虑,惦念,揣测,煽动,带头,推敲,图谋,探索,商酌,磋商,目标,思虑,钻营,缠绵,磨炼,考究,协商,议论,规划,筹商,方针,缱绻,鼓动,寻找,揣摩,探求,主见,研究,诡计,妄图,推度,追求,办法,发动,怀念,雕琢,怀想"
190,"机动,主动,灵活,变通,踊跃,积极,自动"
193,"引领,引颈"
196,"产品,产物"
199,"团体,集团"
202,"构造,机关,圈套,罗网,布局,坎阱,陷坑,陷阱,骗局,组织,结构"
205,"边区,内地,外地,海外,大陆,沿海,腹地,陆地,海洋,边境,内陆,边疆"
208,"拘泥,断定,信奉,判断,执意,信心,决策,裁夺,坚定,武断,顽固,坚贞,坚决,毅然,果断,剖断,坚毅,断然,信仰,固执,崇奉,坚强,立意,倔强,克意,决意,坚忍,薄弱,刻意,信念,决计,肯定,单薄,坚韧,决定,厚实,保持,顽强,决断,敬奉,决议,执拗,酌定,刚毅,确定,脆弱,决然,刚强,定夺,锐意,坚持,强项,决心,判定,强硬,酌夺"
211,"开业,营业,交易,贸易,开张,生意,业务,商业,买卖"
214,"转达,传达,传递,通报"
217,"构筑,修理,修建,建设,修筑,建造,建筑"
220,"国产,出口,入口,进口,舶来"
223,"妨害,破裂,闭塞,窒塞,打击,反攻,报复,伤害,封闭,离散,停滞,摧残,禁止,凌虐,溃败,阻滞,倒闭,勾留,窒息,盘曲,不和,拦阻,阻拦,彷徨,整理,息交,原委,失败,休业,暂息,雍塞,虐待,分割,可耻,踯躅,回手,欺负,中断,粉碎,吵架,攻击,反扑,冤屈,闹翻,还击,逗留,停业,窒碍,劝阻,修剪,割据,摧毁,损害,修正,反面,零散,荆棘,糟蹋,否决,源委,零碎,修整,溃散,经由,复仇,羞耻,阻挡,阻挠,至诚,平息,幻灭,交恶,屈折,倘佯,阻截,抨击,停歇,屈辱,滞碍,障碍,决裂,徜徉,绝交,危害,屈身,搁浅,劝止,凌辱,冤枉,中分,崩溃,冻结,攻打,盘桓,分裂,休息,停留,和好,封存,膺惩,杀害,决绝,冲击,残害,细碎,弥合,停止,翻脸,肢解,阻塞,冲锋,委曲,阻止,均分,破坏,分解,盘据,支解,经历,颠末,停息,割裂,断交,欺压,蹂躏,阻碍,屈曲,毁坏,瓜分,破损,弯曲,停顿,梗塞,宛延,休憩,瓦解,破灭,欺侮,湮塞,歇业,挫折,解体,堵塞,放行,羞辱,壅闭,反击,争吵,耻辱,反对,侮辱,反目,始末,落空,报仇,进攻,等分,破碎,遏制,经过,回击,分化,败坏,断绝,中止,损坏,收歇,欺凌,关门,制止,赤诚,曲折,溃逃,妨碍,阻难,争执,淤塞,平分,徘徊,波折,碎裂,故障,零星,抗议,破产,袭击,通过,委屈"
226,"造成,变成,形成"
229,"发奋,勤劳,勤恳,奋斗,辛勤,勤苦,辛劳,用功,努力,勤奋,勤快,勤勉"
232,"胜利,成功,顺手,告捷,唾手,得胜,随手,就手,利市,获胜,凯旋,亨通,顺畅,顺遂,顺利"
235,"资产,财产,家当,产业,家产,财富,工业,物业"
238,"自身,本身,己方,别人,自己,大伙,他方,对方,他人"
241,"标准,尺度,准绳,准则,规范"
244,"起码,至少"
247,"个中,其中"
250,"可笑,好笑"
253,"判决,判定"
258,"浩浩汤汤,气吞山河,气壮山河,浩浩荡荡,波涛汹涌,大张旗鼓,波澜壮阔,叱咤风云,汹涌澎湃,声势浩大,轰轰烈烈,气势磅礴,大张声势"
261,"房子,屋子"
264,"慌忙,惧怕,惊怕,懦弱,惊愕,可怕,错愕,焦躁,惶恐,焦灼,匆忙,恐惧,怯懦,顾忌,仓皇,从容,惊悸,仓猝,胆怯,忌惮,慌乱,连忙,焦急,忙乱,畏缩,怯生生,焦炙,暴躁,胆寒,害怕,恐怕,惊恐,恐怖,怯怯乔乔,泰然,畏怯,惊慌,心焦,惊惧,畏忌,焦心,烦躁,躁急,慌张,急忙,仓促,匆猝,张惶,浮躁,惊惶,无畏,焦虑,退却,胆壮,着急,张皇,恐慌,急躁,惊骇,可骇,猬缩,畏惧,丧胆,匆促,心虚,发急,怕惧"
267,"间接,索性,直接,干脆"
270,"强制,欺负,欺侮,侮辱,压迫,欺压,逼迫,强迫,强逼,欺凌,凌辱"
273,"说起,提及"
276,"金玉良言,良药苦口,至理名言"
279,"金钱,款项,款子"
282,"富裕,昌盛,充足,发达,高贵,阔绰,阔气,丰富,膏腴,余裕,宽绰,肥美,沃腴,足够,裕如,饶沃,富庶,富饶,肥饶,富贵,富强,强大,富足,肥沃,充实,宽裕,富有,充裕,豪阔,充沛"
285,"老人,白叟"
288,"外子,男子,汉子,丈夫,夫君,良人,须眉,男人"
291,"口舌,是非,讨论,口角,冲突,争吵,相持,冲破,争辩,对峙,打破,塞责,应付,争持,看待,申辩,诟谇,争论,突破,执著,执拗,黑白,辩论,谈论,僵持,对待,周旋,坚持,对付,龃龉,争辨,争执,搪塞,辩说,敷衍,对于"
294,"心坎,里面,心里,核心,中央,内部,中间,想法,内心,书面,思想,口头,思维,中枢,行为,中心"
297,"追逐,追赶"
300,"只消,只要"
303,"达到,到达,抵达,来到"
306,"采用,选取,选用,采纳,采取"
309,"吐露,表露,披露,流露"
312,"索要,退还,提取,索取"
315,"品行,气概,魄力,气势,气派,人格,品质,人品,品格,操行,道德,风致,德行,德性,派头,品德,风格,气魄"
318,"地方,地点,场合,时势,时局,周围,位置,因素,场所,旮旯,职位,颜面,形势,名义,地位,住址,时事,地址,事势,场面,排场,所在,名望,体面,好看,形式,四周,中央,园地,局面,位子,身分,表面,边缘,要素,局势,处所,角落,成分,美观,面子,场地,边际"
321,"供认,招认,承认,认同,认可,招供"
324,"除外,以外,以内"
327,"规矩,章程,规则,条例,规定,法则,准则,规章,礼貌"
330,"着重,留心,注重,注意,重视,留神,侧重,器重,正视,推崇,偏重,珍视,谨慎,崇尚,留意,并重,关注,小心"
333,"威迫,压制,恫吓,恐吓,绑架,威胁,挟持,打单,要挟,威逼,钳制,勒迫,吓唬,箝制,威吓,胁迫,胁制,勒索,敲诈,挟制,劫持"
336,"描画,描绘,描摹,描写,形貌,刻画,描述,讲述,状貌,陈述,形容,形色,叙述,陈说"
339,"老夫,老汉"
342,"相应,回响,应声,回声,反映,反响,响应,反应"
345,"前去,前往,赶赴"
348,"慌忙,仓猝,急切,急迫,匆匆,连忙,迫急,急急,迫切,急遽,急促,仓卒,火急,匆促,急忙,匆忙,仓促,仓皇"
351,"接近,热诚,盛情,周围,聚拢,逼近,激情,亲昵,密切,豪情,体贴,贴近,周遭,靠拢,亲近,迫近,相近,临近,邻接,周边,亲切,亲密,附近,左近,切近,方圆,血忱,靠近,围拢,邻近,挨近,四周,关怀,热忱,热中,亲热,热情,热心,关心,关切"
354,"按时,实时,守时,随时,及时,定时,准时"
357,"开始,终结,着手,来源,首端,起头,停止,入手,滥觞,发源,终止,起初,肇端,起原,开首,出手,肇基,断绝,起先,先河,初步,结束,开端,起始,劈头,起源,动手,下手,中断,泉源,脱手,肇始,起首,发轫,终了,早先,起点,初阶,发端,源泉,出发点,先导,开头"
360,"赏格,悬赏"
363,"一天,终日,成天,竟日,整天,镇日,整日"
366,"若何,怎么,何如,怎样,奈何,如何"
369,"撤职,解聘,罢免,撤免,引退,开除,辞官,引去,离任,褫职,革职,辞退,免职,解雇,去官,解职,夺职,除名,告退,退职,免除,离职,辞职"
372,"来由,情由,出处,缘故,理由,来源,起源,泉源,原因,原故,源由,来历,基础,起因,原由,由来,根源,因由,本原"
375,"收据,收条"
378,"推却,推脱,辞谢,推辞,谢绝,辞让,承担,推诿,推卸,推托,抵赖"
381,"浑家,老婆,细君,妻子,内助,内人"
385,"面临,直面,面对,回避,重视,躲避,侧目,正视,逃避,濒临"
388,"主旨,重心,核心,中央,要点,大旨,中间,要旨,主题,宗旨,中枢,焦点,重点,中心"
391,"找茬,骚乱,扰攘,骚扰,搅扰,滋扰,叨光,对峙,扰乱,为难,打扰,侵扰,作梗,作对,干扰,过问,纷扰,刁难,对立,安定,干涉,骚动,打搅,干预"
394,"明媚,清明,明朗,通亮,通明,明亮,晴朗,光明,光亮,亮光,雪亮,豁亮,敞亮,明净,清朗"
397,"立案,注册,挂号,备案,存案,登记"
400,"数不胜数,大有人在,成千上万,不乏其人,触目皆是,比比皆是,层出不穷,不可胜数,不一而足,恒河沙数,举不胜举,不胜枚举,千千万万,不计其数"
403,"相片,像片,照片"
406,"交织,交叉,交错"
409,"雨伞,雨遮,阳伞"
412,"拉三扯四,拉拉扯扯"
415,"开口,启齿"
418,"密斯,女士,小姐,姑娘"
421,"警员,差人,警察,捕快,巡警,巡捕"
424,"语言,谈话,发言,说话,措辞,讲话,言语"
427,"白昼,星夜,白天,日间,夜间,夜晚,白日,傍晚,黑夜,黄昏,晚上"
430,"清闲,恣意,安闲,随便,粗心,放肆,苟且,任性,自便,舍弃,放弃,狂妄,浪漫,猖獗,唾弃,恣肆,纵脱,闲逸,怜爱,宠爱,鄙弃,策动,遗弃,喜爱,屏弃,尽情,落拓,豪恣,纵容,潦草,怂恿,狂放,劳碌,唆使,大肆,姑息,空闲,繁忙,摈弃,痛爱,汗漫,溺爱,敷衍,放纵,纵情,招摇,放手,心爱,闲适,安逸,抛弃,煽动,肆意,闲暇,简练,草率,心疼,劳累,恩宠,尽兴,荒诞,悠闲,忙碌,大力,钟爱,放浪,猖狂,鼓动,轻易,放恣,逍遥,自在,放荡,马虎,放任,随意,敛迹,限制,繁冗,吐弃,煽惑,疼爱,任意,宠嬖,轻率,厌弃,摒弃,疯狂"
433,"对话,独白,独语"
436,"纵使,即使,倘若,如若,虽然,倘使,纵然,尽管,如果,假如,假使,假若,若是,只管,假设,要是"
439,"惨剧,快事,惨事"
442,"今世,当代,现代"
445,"掳掠,侵掠,强抢,抢劫,劫夺,攫取,抢掠,抢夺,打劫,掠夺,夺取,洗劫,劫掠"
448,"落网,就逮,漏网"
451,"构成,组成"
454,"花圃,花园"
457,"住户,居民"
460,"国法,法令,执法,公法,王法,司法,法律,功令"
463,"狂态,常态,变态,正常"
466,"复工,歇工,停工,收工,罢工,竣工"
469,"顶用,中用"
472,"不但,不单,不仅,不只,不光"
475,"元勋,功臣"
478,"泛滥成灾,洪水横流,多如牛毛"
481,"家丁,仆从,厮役,奴婢,奴隶,奴役,宾客,西崽,奴才,客人,来宾,主人,奴仆,仆役,仆人,佣人,跟班"
484,"再起,解答,过堂,应答,复兴,沦丧,讯问,答问,质问,规复,收复,鞠问,断绝,询问,回复,审问,恢复,克复,光复,中兴,鞫问,鞫讯,答复,质疑,复原,回答"
487,"疏忽,渺视,随便,大意,粗心,忽略,蔑视,破绽,毛病,粗放,严密,遗漏,裂缝,纰漏,怠忽,松弛,周密,粗疏,小看,看不起,看轻,鄙视,漏洞,忽视,藐视,无视,漠视,疏漏,鄙夷,马虎,缺陷,歧视,集约,轻视,罅隙"
490,"单调,流利,僵化,乏味,结巴,无趣,顽固,呆滞,枯燥,执拗,僵硬,无味,机器,生硬,无聊,固执,平板,死板,凝滞,刻板,没趣,板滞,呆板,窒碍,有趣,机械"
493,"士兵,军官,将领,将军"
496,"连累,缠累,带累,牵缠,累赘,牵连,扳连,遭罪,纠缠,牵扯,牵累,拖累,负担,纠纷,糟糕,干连,遭殃,围绕,瓜葛,纠葛,胶葛,株连,牵涉,缠绕,倒霉,纷争,轇轕"
499,"圆滑,善意,和气,讲理,狡诈,温和,和谐,狡黠,文雅,友善,友谊,友好,仁爱,调皮,耿直,亲善,亲切,联谊,优雅,阴险,交情,情义,斯文,油滑,善心,仇隙,好意,和蔼,和洽,歹意,刚愎,融洽,纯厚,粗鲁,温柔,鲠直,敦睦,友爱,温婉,敌意,随和,和睦,友情,奸滑,恶意,杀气,爽直,质直,圆通,善良,和顺,恩爱,良善,世故,情意,情谊,交谊,好心,和善,狡猾,和好,温顺,亲睦"
502,"年青,垂老,大哥,年老,老迈,老大,年轻,年迈"
505,"激勉,引发,激发,激励"
508,"乘坐,驾驶"
511,"身材,肉体,身体,身段"
513,"人才,天才"
516,"同情,遗憾,可惜,缺憾,怜惜,怅然,惋惜,痛惜,怜悯"
519,"警备,机警,警觉,机灵,警悟,机敏,戒备,机智,警醒,警戒,警惕"
522,"大陆,陆地,海洋"
525,"扩大,增大"
528,"近海,远海,远洋"
531,"海军,水师,舟师,水兵"
534,"一朝,一旦"
537,"陈迹,印迹,影迹,影踪,踪影,足迹,脚印,痕迹,萍踪,踪迹,脚迹,行踪"
540,"防守,呵护,爱怜,爱惜,敬仰,爱慕,珍爱,重视,护卫,崇敬,收藏,保障,珍视,守护,羡慕,爱护,倾慕,珍惜,拥戴,敬慕,恋慕,保险,保卫,守卫,防卫,仰慕,珍藏,景仰,爱戴,保护,捍卫,庇护,钦慕,维护"
543,"晚点,准时,误点,正点,早点"
546,"皮毛,外相"
549,"首领,领袖,魁首,首脑,总统,头头,渠魁,党魁,翘楚,头目,党首,俊彦,头子,元首,头领,主脑"
552,"以前,过去,已往,早年,曩昔,当年,往日,昔时,畴昔,夙昔,旧日,往常,从前,昔日,往时,陈年,向日"
555,"而已,云尔,罢了"
558,"停车,泊车"
561,"赶巧,恰好,刚巧,正巧,刚好,巧合,偶然,适值,恰恰,可巧,不巧,正值,正好,偶合,碰巧,恰巧,凑巧"
564,"来得及,来不及"
567,"提前,加速,提早,延缓,放慢,减速"
570,"回程,去路,归途"
573,"等到,比及"
576,"狼狈不堪,啼笑皆非,狼狈万状,不尴不尬,惊慌失措,哭笑不得,手足无措"
579,"毒手,辣手,棘手"
582,"遍地,四处,随地,随处,各处,在在,处处,到处"
585,"洗浴,陶醉,沉浸,沉迷,酣醉,洗沐,洗澡,沐浴,沉醉,冲凉"
588,"认清,迷失"
591,"学子,学生,门生,学徒,高足,弟子"
594,"步行,走路"
597,"瓜葛,纠葛,胶葛,牵连,纠纷,缠绕,纠缠,轇轕"
600,"盛气凌人,咄咄逼人,无理取闹,不可一世,寻事生非,飞扬跋扈,气势汹汹,无事生非,矫揉造作,蛮横无理,耀武扬威,作威作福,张牙舞爪,煞有介事,强词夺理,蛮不讲理"
603,"失火,火警,火灾"
606,"瞥见,看见,望见,瞟见"
609,"纪录,记录,记载,记实"
612,"寒碜,简陋,无邪,扼要,精练,简练,简洁,大略,幼稚,简单,纯正,粗陋,简易,轻巧,天真,复杂,纯真,粗略,简短,粗劣,浅易,繁复,纯粹,轻易,纯朴,简略,寒酸,粗糙,精辟,概略,粗俗,单纯,简便,不详,容易,轻松,轻便,简捷,纯洁,纯净"
615,"卒业,毕业,结业"
618,"该死,活该"
621,"树大招风,过街老鼠,众矢之的,千夫所指"
624,"伟人,凡人,神仙,贤人,至人,巨人,圣人"
627,"学校,私塾,学塾,书院,学堂,黉舍,学宫"
630,"私立,公立"
633,"冲克,获罪,干犯,冲撞,开罪,冒犯,冲犯,获咎,触犯,得罪"
636,"想到,料到"
639,"充当,充任"
640,"暗影,阴影"
643,"胪列,陈设,枚举,排列,分列,列举,摆列,陈列,罗列,布列"
646,"声泪俱下,老泪纵横,涕泗滂沱,泪流满面,夺眶而出,泪下如雨,热泪盈眶,痛哭流涕,泣不成声,痛不欲生,泪如泉涌,泪眼汪汪,潸然泪下,泪如雨下"
649,"残酷,残暴,暴力,残忍,凶残"
652,"四分五裂,土崩瓦解,不可救药,一败如水,一败涂地,不可收拾,一蹶不振,分崩离析,支离破碎,一盘散沙,七零八落,乌合之众,不治之症,萎靡不振,豆剖瓜分"
655,"就业,希罕,罕见,独特,事迹,稀有,出奇,稀奇,奇怪,有数,古怪,遗迹,奇异,少有,独有,怪异,奇特,奇迹,稀罕,怪僻,少见,罕有,孤僻,工作,特别,瑰异,稀少,古迹,专有,离奇,神奇,事业,孤介,希奇,奇妙,行状,特有,特殊"
658,"怙恃,父母"
661,"怪诞,荒谬,荒诞,荒唐"
664,"护送,拦挡,拦截,护航"
667,"布置,计划,移交,交接,付托,叮嘱,铺排,调派,托付,使令,嘱托,吩咐,命令,安置,委托,打发,配置,部署,设备,安顿,交卸,安放,安排,安插,陈设,叮咛,派遣,丁宁,调回,役使,摆设,嘱咐,交代,召回,放置,支使,交托,差遣"
670,"感性,理性"
673,"功德,好事,坏事,善事"
676,"领先,超过,横跨,跨越,超越,超出,带头,凌驾,抢先,胜过,越过,逾越"
679,"后世,子孙,昆裔,子息,子女,后裔,儿女,后代"
682,"作家,作者"
685,"大姨,阿姨,姨妈,姨娘"
688,"沉闷,郁闷,烦闷"
691,"悲啼,号泣,悲恸,痛哭,号哭"
694,"肉痛,心痛"
697,"诸君,各位,诸位,列位"
700,"沉迷,堕落,依恋,腐败,怀恋,腐化,痴迷,出错,沦落,留恋,沉溺,醒悟,腐烂,迷恋,醒觉,觉悟,沉湎,失足,贪恋,省悟,沉沦,觉醒,着迷,眷恋,执迷,腐朽,憬悟"
703,"免得,以免,省得"
706,"养病,养痾"
709,"地动,地震"
712,"同年,同庚"
715,"年初,年代,年头,岁首,年月"
718,"汇集,网络,搜集,收集"
721,"深知,浅知"
724,"多么,何等"
727,"交界,接壤"
730,"茅屋,平房,楼房"
733,"争取,篡夺,掠夺,夺取,攫取,争夺,牟取"
736,"不期而遇,遇见,碰见"
739,"独步天下,无与伦比,超群出众,前所未闻,前所未有,空前绝后,亘古未有,前无古人,无可比拟,史无前例,独一无二"
742,"喜悦,舒坦,欢快,忻悦,同意,安泰,愉快,甜蜜,高兴,雀跃,欢腾,安适,欢呼,写意,幸福,安好,舒适,欣忭,甘愿,怡悦,舒服,喜跃,惬意,愉悦,乐意,欢喜,安定,愿意,快活,喝采,欢娱,满意,愉逸,安逸,开心,畅快,欢悦,首肯,沸腾,欢欣,快乐,答应,得意,欣喜,称心,适意,兴奋,接受,干脆,舒畅,欢乐,喝彩,安乐,欢跃,欢畅,康乐,安详,叫好,甘美,甜美,痛快"
745,"番邦,异邦,外国"
748,"事先,预先,过后,事后,事前"
751,"起飞,升空,升起"
754,"公益,私利"
757,"回绝,拒绝,谢绝,推辞"
760,"定义,界说"
763,"一窍不通,不得而知,不知所以,一无所知"
766,"确保,担保,包管,保证"
768,"虚伪,实在,委实,无误,信得过,真切,失实,荒谬,着实,真实,确切,可靠,荒诞,确凿,准确,的确,几乎,切当,正确,凿凿,真正,虚幻,逼真,诞妄,简直,靠得住,切实,虚假,确实,精确"
771,"洋装,西装,西服"
774,"揭幕,开张,开幕"
777,"战斗,战役,战争"
780,"标语,口号"
783,"触怒,惹恼"
786,"敌对,歧视,仇视,蔑视,敌视,藐视,轻视,鄙视"
789,"投其所好,曲意奉迎,曲意逢迎"
792,"费尽心机,呕心沥血,殚精竭虑,高瞻远瞩,处心积虑,深思熟虑,登高望远,三思而后行,煞费苦心,冥思苦想,搜索枯肠,左思右想,深谋远虑,思前想后,绞尽脑汁,老谋深算,挖空心思,想方设法,千方百计"
795,"穿凿附会,断章取义,望文生义"
798,"贬低,高估,低估"
801,"兽类,畜牲,人类,禽兽"
804,"衰老,衰退,发迹,病弱,新生,消失,苍老,年老,朽迈,发达,虚弱,消灭,荣达,阑珊,腾达,没落,衰弱,消亡,消逝,沦落,鼎盛,年迈"
807,"不论,无论,非论"
810,"深远,深刻,深入,深切,透彻,长远"
813,"减弱,减少,削弱"
816,"敲诈勒索,仗势欺人,敲榨勒索,巧取豪夺,横征暴敛,敲骨吸髓"
819,"别开生面,别树一帜,异军突起,独树一帜"
822,"津津乐道,侃侃而谈,娓娓而谈,津津有味,喋喋不休,千言万语,源源不断,乐此不疲,口若悬河,千语万言,夸夸其谈,能言善辩,滔滔不绝"
825,"急公好义,助人为乐,救苦救难,舍生取义,处之泰然,理所当然,成人之美,自告奋勇,大义凛然,当仁不让,义不容辞,乐善好施,见义勇为,无私无畏,无所畏惧,临危不惧,视死如归,救困扶危,从容不迫,挺身而出"
828,"死中求生,九死一生,事不宜迟,如饥似渴,千钧一发,心急如焚,迫不及待,手不释卷,心如火焚,急不可耐,岌岌可危,凶多吉少,急如星火,心急火燎,死里逃生,当务之急,刻不容缓,急不可待,火烧眉毛,迫在眉睫,燃眉之急"
831,"明智,智慧,愚蠢,敏捷,灵活,冷静,聪敏,聪明,机智,聪慧,伶俐,灵敏,矫健,机灵,机敏,理智,聪颖,灵巧"
834,"不惜,不吝"
837,"粗鲁,文弱,霸道,蛮横,鲁莽,粗俗,莽撞,粗暴,野蛮,卤莽,冒失,强悍,粗野,强横"
840,"泰山,鸿毛"
843,"仕途,宦途"
846,"消遣,游戏,玩耍,游玩,嬉戏,游览"
849,"有口皆碑,歌功颂德,怨声载道,口碑载道,普天同庆"
852,"否认,否定"
855,"脱党,入党"
858,"哀告,要求,恳求,乞请,央浼,哀求,请求,吁请,乞求,央求"
861,"出入,收支,相差,进出"
864,"大权在握,大权独揽,独断专行"
867,"上文,下文"
870,"遇险,遭灾,遇难,罹难,蒙难,生还,遭殃,脱险,幸存,遇害"
873,"安然如故,平安无事,安然无恙,安然无事"
876,"氛围,空气,气氛"
879,"耐力,耐性,慢性,耐烦,耐心,急性"
882,"缮写,抄写,钞写,誊录,书写,誊写"
885,"律师,讼师"
888,"共有,民有,国有,私有,公有"
891,"应募,分发,召募,募集"
894,"音译,意译"
898,"诋毁,凭空,臆造,讪谤,毁谤,造谣,诬捏,假造,诬蔑,辟谣,虚拟,诽谤,离间,杜撰,虚构,实录,伪造,据实,捏造,中伤,谴责"
901,"展期,延期,缓期,宽限,改期,脱期"
904,"游历,家居,远足,观光,参观,旅行,游览,旅游,郊游"
907,"老是,总是"
910,"误期,失言,失期,爽约,背约,食言,走嘴,负约,违约,失口,背信,失信,失约"
913,"漫山遍野,狂风暴雨,遮天蔽日,星罗棋布,劈头盖脸,铺天盖地,排山倒海,雨后春笋,没头没脑,气势汹汹,比比皆是"
916,"改朝换代,取而代之"
919,"丰沛,充足,富余,充盈,充斥,充分,富足,弥漫,充实,多余,充满,优裕,充溢,充裕,有余,充沛,足够"
922,"含义,寓意"
925,"审察,审视"
928,"自负,自信"
931,"隐讳,避讳,忌讳,避忌"
934,"不久,好久"
937,"中午,午时,正午"
940,"估计,预计"
943,"渔夫,渔人"
946,"日食,月食"
949,"流泪,饮泣,陨泣,抽泣,呜咽,啼哭,哭泣,抽咽,啜泣,抽噎,堕泪"
952,"浓郁,深厚,繁多,浓重,浓烈,稠密,浓厚,众多,浓密"
955,"扼守,把守,看守,据守,看管,守卫,拒守,监视,监督"
958,"独身,只身,单身,未婚,光棍,王老五"
961,"陌生,生僻,生硬,呆板,疏远,坚硬,死板,疏间,僵硬,生疏,结巴,目生"
964,"隔邻,邻居,近邻,邻人,隔壁"
967,"轻微,柔和,弱小,细小,瘦小,细微,微弱,微小,矮小"
970,"胆识,胆子,胆量"
973,"公判,公审"
976,"应邀,礼聘,邀请,聘任,约请,聘用,聘请"
979,"官司,讼事"
982,"半壁河山,残山剩水,荆棘铜驼,豆剖瓜分,半壁江山"
985,"臭名昭著,身败名裂,金字招牌,臭名远扬,声名狼藉"
988,"激增,锐减"
991,"东洋,东瀛"
994,"特效,殊效"
997,"录音,灌音"
1000,"熙来攘往,纷至沓来,车水马龙,摩肩接踵,接踵而至,毂击肩摩,接连不断,川流不息,源源不断,水泄不通,络绎不绝,人头攒动,接二连三,接踵而来,联翩而至,人山人海,熙熙攘攘,门庭若市,肩摩毂击,连绵不断,源源不绝,绵绵不断"
1003,"顾客,主顾,顾主"
1006,"告知,示知,告诉,见知,见告,奉告"
1009,"直言,婉言,讳言,婉词"
1012,"不然,否则"
1015,"政敌,盟友"
1018,"地痞,无赖,恶棍,混混,流氓,泼皮"
1021,"代替,庖代,取代,替代,代庖,替换"
1026,"来回,往返"
1029,"收尾,扫尾"
1032,"天气,气象,天色,气候"
1035,"前夕,前夜"
1038,"约定,商定"
1041,"如意算盘,一厢情愿,两相情愿"
1044,"方才,刚才,适才,刚刚"
1047,"同学,同窗,同砚"
1050,"追捕,追踪"
1053,"户外,露天,室内"
1056,"严明,严整,严正"
1059,"师父,徒弟,师傅,门徒"
1062,"不妥,欠妥,失当,不当,不适"
1065,"交好,修睦,修好,树敌,构怨,结怨,和好,树怨,成仇,交恶"
1068,"军营,虎帐,兵营"
1071,"短程,长途,短途,远程"
1074,"冷汗,盗汗"
1077,"河流,河道"
1080,"不正之风,巧立名目,邪门歪道,掩人耳目,横行霸道,旁门左道,歪风邪气,招摇撞骗,一手遮天,弄虚作假,欺上瞒下,不择手段,歪门邪道"
1083,"晓行夜宿,游山玩水"
1086,"年夜,除夕,大年夜,元旦,除夜"
1089,"境界,原野,境地,局面,田地,田野,田园,市区,郊野,田产,野外,旷野,郊外,地步"
1092,"忠实,忠诚"
1095,"顺风,逆风,顶风"
1098,"推拿,按摩"
1101,"抛掷,投掷"
1104,"正门,旁门"
1107,"单薄,厚实"
1110,"尸体,尸首,尸身,遗体"
1113,"切口,暗语,密语,隐语"
1116,"一面之辞,一面之词,偏听偏信"
1119,"危坐,端坐"
1122,"孕珠,怀胎,受孕,妊娠,怀孕,有身"
1125,"躬行,亲自,亲身,切身"
1128,"全权,无权"
1131,"搅散,搞乱"
1134,"森林,丛林"
1137,"低温,高温"
1140,"垃圾,废物,废料,宝物,糟粕"
1143,"火油,石油,煤油"
1146,"升级,进级"
1149,"落伍,落后,保守,晚辈,父老,渐进,后进,新进,晚生,过期,晚进,顽固,小辈,长者,守旧,激进,急进,掉队,行时,长辈,稳健,尊长,过时"
1153,"主体,客体"
1156,"切割,焊接,熔断"
1159,"冠冕堂皇,堂而皇之"
1162,"学问,常识,知识"
1165,"校友,学友"
1168,"到手,得手"
1171,"恭喜,纪念,歌唱,祈福,欢庆,祝愿,歌咏,祝贺,贺喜,道贺,致贺,吟唱,道喜,歌颂,庆祝,祝福,庆贺"
1174,"畏缩不前,铤而走险,扬长避短,垂死挣扎,闭关锁国,踌躇不前,破釜沉舟,闭关自守,困兽犹斗,取长补短,停滞不前,作茧自缚,孤注一掷,义无反顾,狗急跳墙,裹足不前,故步自封,背城借一,决一死战"
1177,"谈天,聊天,闲谈,闲话,闲聊,闲扯"
1180,"刻苦,受奖,受苦,勤恳,受罚,吃苦,受罪,用功,耐劳,享乐,勤奋,勤勉"
1183,"汉文,中文"
1186,"外衣,衬衣,外套"
1189,"浴池,混堂,澡堂,浴室"
1192,"吊挂,悬挂"
1195,"囤积,推销,倾销,收购,抛售"
1198,"市廛,店肆,商号,商店,商铺,店铺,市肆"
1201,"无机,有机"
1204,"金碧辉煌,美不胜收,灿烂辉煌,琳琅满目,富丽堂皇"
1207,"文句,词句"
1210,"浪潮,海潮"
1213,"增产,减产,超产"
1216,"亡命,遁迹,隐迹,避难,出亡,流亡,逃亡"
1219,"巅峰,山脚,极峰,起点,山峰,顶峰,山谷"
1222,"攀话,攀谈,扳话,扳谈,交谈"
1225,"人患,人祸,天灾"
1228,"高堂大厦,高楼大厦"
1231,"农人,农夫,农民"
1234,"独创,抄袭,剽窃"
1237,"吃饭,用膳,用饭"
1240,"租赁,租借"
1243,"好人,善人"
1246,"贿赂,行贿"
1249,"窗明几净,一尘不染,一干二净,洁身自好,明哲保身"
1252,"自夸,自诩"
1255,"碌碌无能,滥竽充数,饱食终日,碌碌无为,掩人耳目,无所事事,听天由命,名不副实,鱼龙混杂,无所作为,鱼目混珠,不学无术,胸无点墨,目不识丁,游手好闲"
1258,"北纬,南纬"
1261,"制品,成品"
1264,"证书,文凭"
1267,"被害,加害"
1270,"缉获,缴获"
1273,"静物,动物"
1276,"佛头着粪,助人为乐,墙倒众人推,雪上加霜,乘人之危,趁火打劫,祸不单行,落井下石,火上浇油,避坑落井"
1279,"幼年,少小,年少,成年"
1281,"辅车相依,相依为命,休戚与共,痛痒相关,唇亡齿寒,息息相通,血肉相连,唇齿相依,巢毁卵破,患难与共,休戚相关,息息相关,同甘共苦,同舟共济,风雨同舟,相须为命"
1284,"纯种,杂种"
1287,"奔跑,奔驰,奔走,驰骋,驱驰"
1290,"静静,偷偷,暗暗,悄悄,悄然"
1293,"条文,条规"
1296,"岂有此理,面面相看,目瞪口呆,张口结舌,理屈词穷,莫名其妙,哑口无言,瞠目结舌,面面相觑,不攻自破"
1299,"充耳不闻,视若无睹,不以为意,束之高阁,听而不闻,置之不理,漫不经心,悍然不顾,装聋作哑,漠不关心,漠然置之,视而不见,置之不顾,置之度外,不了了之,置若罔闻,熟视无睹,不闻不问,无人问津,不顾一切,心不在焉,掉以轻心,不屑一顾,门可罗雀"
1302,"纲纪,法纪"
1305,"三令五申,千叮万嘱,发号施令"
1308,"堆积,积聚,聚积,积存,贮备,动用,堆集,存放,积累,累积,积贮,贮藏,储备,积储,储蓄,储存,积蓄,蓄积,聚集"
1311,"井然有序,一塌糊涂,杂乱无章,乌七八糟,齐齐整整,秩序井然,乱七八糟,前合后仰,胡说八道,横七竖八,前仰后合,颠三倒四,一团漆黑,污七八糟,千头万绪,井井有序,语无伦次,有条不紊,有条有理,七零八落,参差不齐,井井有条,犬牙交错,七颠八倒,胡言乱语,东倒西歪"
1314,"钱币,货泉,泉币,货币"
1317,"债权,债务"
1320,"东北,西南"
1323,"哈腰,弯腰,鞠躬"
1326,"投亲,探亲"
1329,"干瘪,干枯,憔悴,枯槁,干瘦"
1332,"僻静,偏僻,荒僻,冷僻"
1335,"上次,前次"
1338,"右手,左手"
1341,"岔路,歧路,支路"
1344,"波涛,波澜"
1347,"炎热,闷热,酷热,炽烈,燥热,炙热,火热,炽热,灼热"
1350,"新娘,新妇"
1353,"受害,受益"
1356,"饭店,饭馆,饭铺"
1359,"不堪,不胜"
1362,"复员,参军,退役,退伍,转业"
1365,"偷梁换柱,移花接木,冒名顶替,移宫换羽,移天换日"
1368,"无尽,无边,无际,有限,无穷,无限"
1371,"原谅,原宥,饶恕,谅解,宽饶,宽恕,海涵,见谅,宽厚,宽容,包涵,宥恕,包容"
1374,"审讯,审判"
1377,"上当,上圈套,受骗"
1380,"后人,前人,昔人,古人"
1383,"起始,肇端,肇始"
1386,"总数,总额"
1389,"泰西,欧美,西洋"
1392,"泾渭分明,天壤之别,天堂地狱,一清二楚,是非曲直,迥然不同,大相径庭,黑白分明,大是大非,天渊之别,判若鸿沟,青红皂白,判然不同,截然不同,判若两人,霄壤之别,青红皁白"
1395,"中流砥柱,力挽狂澜,为所欲为,得心应手,扭转乾坤,砥柱中流,力所能及"
1398,"喜气,怒火,怒气,肝火"
1401,"不该,不应"
1404,"始祖,鼻祖,开山祖师"
1407,"污名,恶名"
1408,"滔滔,滚滚"
1411,"昆仲,昆季,兄弟,手足,伯仲,昆玉"
1414,"安在,何在"
1417,"系缚,捆扎,绑缚,捆绑,解开"
1420,"正本澄源,正本清源,端本正源"
1423,"气急败坏,平心静气,恼羞成怒,义愤填膺,气喘吁吁,平心定气,大发雷霆,气喘如牛,平心易气,感情用事,暴跳如雷,从容不迫,心平气和"
1426,"发射,放射"
1429,"角落,旮旯"
1432,"刺耳,难听"
1435,"大张挞伐,兴师问罪,口诛笔伐"
1438,"冷淡,冷漠,怠慢,寡情,苛刻,有情,薄待,薄情,淡漠,轻慢,漠然,冷峭,多情,刻薄,薄幸,吝啬,尖酸,无情,冷酷,冷落,小气,尖刻,慢待,偏狭,冷遇,刻毒"
1441,"伟岸,高峻,巍峨,魁岸,魁梧,嵬峨,雄伟,嵬巍,高大,魁伟"
1444,"缓行,疾走,狂奔"
1447,"续弦,初婚,再婚,再嫁,重婚"
1450,"天生,生成"
1453,"轮回,循环"
1456,"助攻,主攻"
1459,"恋爱,爱情"
1462,"悬念,疑云,疑团"
1465,"痊愈,好转,改善,全愈,痊可,恶化,病愈,康复"
1468,"成语,谚语"
1471,"盟国,友邦"
1474,"蔚蓝,湛蓝"
1477,"等级,品级,等第"
1480,"放假,休假"
1483,"心爱,遵循,信服,酷爱,敬仰,敬爱,屈从,屈服,佩服,钦佩,投降,听命,用命,瞻仰,效力,遵守,听从,尊敬,投诚,热爱,服气,仰慕,服从,敬重,爱戴,景仰,敬佩,降服,纳降,亲爱,折服"
1486,"相继,接踵"
1489,"天方夜谭,流言蜚语,无稽之谈,不经之谈"
1492,"平面,立体"
1495,"大小,巨细"
1498,"思绪,思路"
1501,"牢牢,紧紧"
1504,"博采众长,集思广益"
1507,"妄自菲薄,自轻自贱,自甘堕落,自惭形秽,安于现状,苟且偷安,自暴自弃"
1510,"无产阶级,资产阶级,工人阶级"
1513,"故国,祖国"
1516,"居所,寓所,住处"
1519,"姑姑,姑妈"
1522,"娶亲,迎娶,入赘,出嫁"
1525,"投契,图利,牟利,渔利,投机"
1528,"耳闻则诵,潜移默化,耳熟能详,耳濡目染,潜移暗化,耳闻目睹,熟能生巧"
1531,"镇守,坐镇"
1534,"不由得,禁不住,禁得起,禁不起,禁得住"
1536,"动态,静态"
1539,"吐花,开花,着花"
1542,"物价,时值,时价,市价"
1545,"敷衍塞责,敷衍了事,马马虎虎,偷工减料,因陋就简"
1548,"小写,大写"
1551,"微观,宏观"
1554,"奔腾,飞跃"
1557,"惨绝人寰,惨不忍闻,惨不忍睹"
1560,"应届,历届"
1563,"开明,开通"
1566,"皇室,王室"
1569,"先驱,前驱"
1572,"警语,警句"
1575,"扑朔迷离,千头万绪,空中楼阁,虚无缥缈,积习难改,头昏眼花,虚无飘渺,坚不可摧,海市蜃楼,眼花缭乱,镜花水月,盘根错节,应接不暇,错综复杂,积重难返,纵横交错,目不暇接,蜃楼海市,根深蒂固"
1578,"半途,中途,半路"
1581,"斑纹,花纹"
1584,"讲义,教材,课本"
1587,"浅笑,含笑,微笑"
1590,"言之有理,言之成理"
1593,"正犯,从犯,首犯,主犯"
1596,"同盟,联盟"
1599,"不免,难免"
1602,"来岁,明年"
1605,"伙食,炊事,膳食"
1608,"突显,凸显"
1611,"市场,阛阓,商场,市集"
1614,"高空,低空"
1617,"木已成舟,既成事实"
1620,"亲手,转手"
1623,"便服,燕服"
1626,"给水,断水"
1629,"贫士,富人,富豪,贫民,财主,大亨,穷人,富翁,贫人"
1632,"践约,依约,履约,如约"
1635,"审定,核定"
1638,"人道,人性"
1641,"惯例,通例,向例,老例,常规,常例,旧例,照例"
1644,"说明书,仿单"
1647,"好在,亏得,幸亏,幸好,幸而"
1650,"一去不复返,触景生情,人面桃花,人去楼空"
1653,"秋天,春季,春天"
1656,"冷清,清静,冷落"
1659,"宗子,长子"
1662,"人才辈出,人才济济"
1666,"天井,庭院,院落,院子"
1669,"哄传,盛传"
1672,"心有余悸,惊弓之鸟,谈虎色变,亡命之徒,漏网之鱼,丧家之犬,伤弓之鸟"
1675,"血海深仇,新仇旧恨,深仇大恨"
1678,"初衷,初志"
1681,"妊妇,孕妇"
1684,"红灯,绿灯"
1687,"显赫,显耀"
1690,"中官,阉人,宦官,寺人,太监"
1693,"阿谀奉承,阿谀逢迎,趋炎附势,阿其所好"
1696,"扪心自问,反躬自省,抚躬自问"
1699,"东门,西门"
1702,"此生,今生"
1705,"老式,新式,旧式,新型"
1708,"征程,征途"
1711,"仪式,典礼"
1714,"效忠,尽忠"
1717,"积德,行善,积善"
1720,"构想,构思"
1723,"不着边际,天花乱坠,花言巧语"
1726,"缠身,脱身"
1729,"利诱,迷惑,困惑,疑惑,疑虑,引诱,迷惘,诱惑,蛊惑,勾引,怀疑,劝诱,怅惘,勾结"
1732,"叫花子,乞丐"
1735,"短篇,长篇"
1738,"裁员,裁人"
1741,"卷烟,烟草,香烟,纸烟"
1744,"红颜,朱颜"
1747,"彬彬有礼,温情脉脉,温文尔雅,文质彬彬,温柔敦厚,落落大方,附庸风雅"
1750,"大败,大北"
1753,"弱小,细小,细微,渺小,微弱,微小"
1756,"踩踏,踹踏,践踏"
1759,"奴颜婢膝,卑躬屈膝,阿谀奉承,奴颜媚骨,丧权辱国,摇尾乞怜,乞哀告怜,崇洋媚外,卖国求荣"
1762,"直系亲属,旁系亲属"
1765,"穷鬼,财神"
1768,"暴跌,暴落,暴涨,腾踊"
1771,"能人,硬汉,英雄,好汉,豪杰,英豪,小丑,懦夫,铁汉,强人,俊杰,勇士"
1774,"一生,平生,生平"
1777,"厚待,优惠,优待,优遇,厚遇"
1780,"受刑,伏诛,伏法"
1783,"见风使舵,随俗浮沉,狐群狗党,与世浮沉,同恶相济,狐朋狗友,英姿勃勃,朋比为奸,顶天立地,特立独行,同流合污,狼狈为奸,威风凛凛,随波逐流"
1786,"子弹,枪弹"
1789,"抑扬,顿挫"
1794,"空隙,缝隙,闲隙,闲暇,空地,空位"
1797,"生死,存亡,死活"
1800,"坟场,墓地"
1803,"慕名而来,败兴而归"
1806,"农家,农户,田舍,庄家"
1809,"目的地,出发点"
1812,"如期,按期,定期"
1815,"残渣余孽,害群之马,跳梁小丑,城狐社鼠,仁人志士"
1818,"斩草除根,扫地以尽,一网打尽,扫地出门,除恶务尽,一扫而空"
1821,"湿漉漉,干巴巴"
1824,"有声有色,维妙维肖,绘声绘色,活灵活现,紧锣密鼓,栩栩如生,跃然纸上,呼之欲出,密锣紧鼓,有板有眼,绘影绘声,活龙活现"
1827,"解剖,剖解"
1830,"灌注,贯注,灌输"
1833,"征聘,应聘"
1836,"家境,家道"
1839,"欠安,不佳"
1842,"任凭,听凭"
1845,"眼力,目力,眼光,视力,目光,见地"
1848,"注射,打针"
1851,"消瘦,瘦弱,羸弱,瘦小,瘦削,枯瘦,孱弱,孱羸"
1854,"声嘶力竭,呕心沥血,尽心尽力,大声疾呼,鞠躬尽力,专心致志,任重道远,目不转睛,目不斜视,摩顶放踵,忠心耿耿,尽心竭力,摇唇鼓舌,死而后已,诚心诚意,全神贯注,聚精会神,尽力而为,推心置腹,全力以赴,竭尽全力,真心实意,负重致远,不遗余力,赤胆忠心,全心全意,一心一意,大喊大叫,倾巢而出,鞠躬尽瘁"
1857,"英气,豪气"
1860,"照射,照耀,映照"
1863,"天衣无缝,完美无缺,浑然一体"
1866,"高朋,贵宾,贵客,嘉宾"
1869,"张扬,高调,低调"
1872,"演习,实战,练习,实习,操练,操演"
1875,"齐心协力,同心同德,同心协力,同仇敌忾,戮力同心,离心离德,万众一心,齐心合力,同仇敌慨"
1878,"开盘,收盘"
1881,"事与愿违,大失所望,各奔前程,北辕适楚,万念俱灰,南辕北辙,分道扬镳,适得其反,灰心丧气,心灰意冷,揠苗助长,弄巧成拙,背道而驰,大失人望,拔苗助长,欲速不达,风流云散"
1884,"十字街头,十字路口"
1887,"海角,天涯"
1890,"模子,模型"
1893,"结亲,联姻,联婚,攀亲"
1896,"常见,习见"
1899,"诬害,坑害,谋害,谗谄,构陷,陷害"
1902,"人命关天,非同小可,非同寻常"
1905,"基层,下层"
1908,"评头品足,无可厚非"
1911,"高压,低压"
1914,"粘贴,黏贴,剥离"
1917,"含冤,申冤"
1921,"鹄立,伫立"
1924,"粗心大意,敷衍了事,马马虎虎,粗枝大叶,毛手毛脚"
1927,"现款,筹码"
1930,"圆润,清脆"
1933,"舞蹈,跳舞"
1936,"美女,玉人"
1939,"私语,耳语,密语"
1942,"笑貌,笑颜,笑容,笑脸"
1945,"没事,有事"
1948,"配角,主角"
1951,"渗入,渗透,分泌,排泄"
1954,"撒野,撒泼"
1957,"塌陷,沉陷,坍塌"
1960,"固体,液体,流体"
1963,"止血,出血"
1966,"因材施教,天公地道,比量齐观,视同一律,等量齐观,相提并论,一视同仁"
1969,"闹事,生事,惹祸,闯祸,肇事,滋事,闯事"
1972,"军备,武备"
1975,"离心力,向心力"
1978,"良田,瘠土,肥土,荒地,生地,熟地"
1981,"传教,布道,宣道,宣教"
1984,"风韵,仪表,风范,风采,风度,风貌,气宇,风仪"
1987,"了不起,了不得"
1990,"泰然处之,若无其事,泰然自若,安之若素"
1993,"兵士,战士"
1996,"稚嫩,娇嫩"
1999,"头颅,脑袋"
2002,"同业,同行,偕行"
2005,"另眼看待,另眼相看,刮目相看"
2008,"黄金时代,豆蔻年华"
2011,"夷狄,蛮夷,戎狄"
2014,"朗诵,诵读"
2017,"折射,投射,反射,直射"
2020,"贪婪,贪图,贪心,贪念"
2023,"左计,失察,失计,失算,失策"
2026,"天网恢恢，疏而不漏,天罗地网"
2029,"徒负虚名,名存实亡,名不副实,有名无实,徒有虚名"
2032,"放任自流,听之任之"
2035,"得道多助,人心向背"
2038,"身先士卒,现身说法,鹦鹉学舌,身体力行,言传身教,上行下效,如法炮制,以身作则"
2041,"缄口,钳口,闭口,箝口,绝口,杜口"
2044,"群言堂,一言堂"
2047,"自投罗网,自取灭亡,自作自受,引火烧身,玩火自焚,自食其果,自掘坟墓,飞蛾扑火"
2049,"虎头蛇尾,浅尝辄止,前功尽弃,半途而废,有头无尾,功亏一篑,有始无终,一曝十寒"
2052,"土话,土语,乡音,方言,土音"
2055,"卑鄙龌龊,不堪入目,行同狗彘"
2058,"兴家,发财,发家"
2061,"滚开,滚蛋"
2064,"君主国,共和国"
2067,"讹传,谣传"
2070,"疆场,沙场,战场"
2073,"归来,回来"
2076,"对证,对质"
2079,"右翼,左翼"
2082,"伤风,感冒"
2085,"特工,奸细,特务,间谍"
2088,"修业,求学,肄业,肆业"
2091,"打猎,狩猎"
2094,"出列,入列"
2097,"反其道而行之,反治其身"
2100,"荒野,荒原,荒漠"
2103,"多谋善断,毫不犹豫,不假思索,一刀两断,当机立断,薪尽火灭"
2106,"朱唇皓齿,唇红齿白"
2109,"淡淡,浅浅"
2112,"寻问,答辩"
2115,"高招,高着儿,高作,高着"
2118,"团聚,欢聚,重逢,失散,团圆"
2121,"失手,败事,成事,败露"
2124,"见所未见,闻所未闻"
2127,"洒脱,超逸,飘逸,洋气,俊逸,潇洒,英俊,超脱,土气"
2130,"赝鼎,真迹,赝品,假货"
2133,"枝叶,枝杈,骨干,主干"
2136,"喜联,挽联"
2139,"盛德,大德"
2142,"逍遥法外,逍遥自在"
2145,"检束,检点,检核"
2148,"案牍,文案"
2151,"绳索,绳子"
2154,"定命,定数,天命"
2157,"口服,心服,压服,心折"
2160,"木柴,木材,木料"
2163,"打家劫舍,浑水摸鱼,乘人之危,趁火打劫,谋财害命,趁虚而入,顺手牵羊,信手拈来,乘虚而入,混水摸鱼"
2166,"横死,非命"
2169,"并驾齐驱,齐头并进"
2172,"冷飕飕,冷冰冰"
2175,"冷若冰霜,不近人情,拒人千里"
2176,"屠夫,屠户"
2179,"私情,私交"
2182,"夭折,夭殇,短折,早夭,短命"
2185,"道貌岸然,不苟言笑,义正辞严,一本正经"
2188,"光头,秃子,秃顶,秃头"
2191,"白发苍苍,须发皆白"
2194,"抒怀,抒情"
2197,"虚怀若谷,谦虚谨慎,平易近人,蔼然可亲,和颜悦色,和蔼可亲,一团和气,大智若愚"
2200,"牛刀小试,初露锋芒,脱颖而出,出人头地,初试锋芒,崭露头角,显露头角,高人一等"
2203,"落叶归根,马放南山,故土难离,解甲归田,刀枪入库,厉行节约,铺张浪费,偃旗息鼓"
2206,"长眠,长逝"
2209,"得鱼忘筌,忘恩负义,饮水思源,叶落归根,数典忘祖,恩将仇报,衣锦还乡,衣锦荣归"
2212,"急巴巴,急匆匆,慢吞吞,慢悠悠,慢腾腾"
2215,"抱头痛哭,抱头大哭"
2218,"攻势,守势"
2221,"东拉西扯,谈天说地,海阔天空"
2224,"团鱼,甲鱼"
2227,"不厌其烦,不胜其烦,鸡零狗碎,鸡毛蒜皮,苦口婆心,博士买驴,诲人不倦"
2230,"陶然,欢然,怡然,欣然"
2233,"围魏救赵,围城打援,声东击西"
2236,"外销,内销"
2239,"僬侥,巨人,侏儒,矬子,细人,矮子"
2242,"狂言,大言"
2245,"顺水,逆水"
2248,"悔之不及,徒唤奈何,悔不当初,追悔莫及,悔之无及,悔之晚矣,悔恨交加"
2251,"苦不可言,苦不堪言"
2254,"言无二价,欺行霸市"
2257,"心如死灰,心灰意冷"
2260,"好学,勤学"
2263,"壮丽,宏伟,壮观"
2266,"青鸟使,使者,使臣"
2269,"天理难容,天理昭彰"
2272,"茶馆,茶肆,茶楼"
2275,"碰钉子,碰壁"
2278,"佃农,租户,佃户,房客"
2281,"冒牌,正牌"
2284,"木工,木匠"
2287,"公德,私德"
2290,"明日黄花,时移俗易,时过境迁"
2293,"溢于言表,意在言外"
2296,"威望,威声,威名,威信"
2299,"童谣,儿歌"
2302,"寒冬,严寒,隆冬,盛暑,盛夏,炎夏,炎暑,寒冷,严冬"
2304,"严办,严处"
2307,"欺善怕恶,厚此薄彼,欺软怕硬,吐刚茹柔"
2310,"掩袭,狙击,偷袭"
2313,"谋生,餬口,营生"
2316,"帆海,航海"
2319,"悬崖,绝壁,峭壁,危崖"
2322,"好战,好斗"
2325,"时时刻刻,每时每刻"
2328,"暗流,暗潮"
2331,"佛寺,梵刹,梵宇"
2334,"名噪一时,名震一时,声誉鹊起"
2337,"滋润,滋补,润泽,滋养"
2340,"倾注,倾泻"
2343,"竭泽而渔,涸泽而渔,操之过急,因小失大,打草惊蛇,杀鸡取卵,不留余地"
2346,"独立国,殖民地"
2349,"瘦子,胖子"
2352,"轻飘飘,沉甸甸"
2355,"彼岸,此岸"
2358,"褒义,贬义"
2361,"字正腔圆,余音绕梁,一唱三叹"
2364,"雨露之恩,知遇之恩,大恩大德"
2367,"晚熟,早熟,早衰"
2370,"小脚,金莲,弓足"
2373,"经纪,中人,掮客,牙郎,牙人"
2376,"几多,几许,多少,若干,几何"
2379,"一马当先,遥遥领先,首当其冲"
2382,"减刑,弛刑"
2385,"雅歌,俗歌"
2388,"成全,玉成"
2391,"拍手,鼓掌"
2394,"甲第,甲等,优等,头等"
2397,"凉气,暖气,冷气,寒气,热气"
2400,"依依不舍,依依惜别,恋恋不舍,流连忘返"
2403,"翠绿,青翠,青葱"
2406,"远近,遐迩"
2409,"许愿,还愿"
2412,"祸端,祸胎,祸根"
2415,"客厅,客堂"
2418,"引港,领港"
2421,"指鹿为马,混淆是非,颠倒是非,混淆视听,是非不分,颠倒黑白"
2424,"懂行,外行"
2427,"洗涤,洗濯,洗刷,冲刷,冲洗,清洗"
2430,"骨肉,骨血"
2434,"媒人,媒妁,月老,伐柯人"
2437,"天摇地动,天旋地转"
2440,"激浊扬清,彰善瘅恶,隐恶扬善"
2443,"亏空,亏欠"
2446,"激愤,激怒"
2449,"水患,水灾"
2452,"呱呱堕地,呱呱坠地"
2455,"中馈,主妇"
2458,"授课,讲课"
2461,"一日千里,突飞猛进,欣欣向荣,平步青云,蒸蒸日上,百尺竿头,日新月异,如日方升,青云直上,扶摇直上,百丈竿头"
2464,"养痈成患,后患无穷,养虎伤身,贻害无穷,遗祸无穷,养痈遗患,养虎遗患"
2467,"吐口,封口"
2470,"负极,正极"
2473,"长生,永生"
2476,"塞外,塞内"
2479,"字迹,笔迹"
2482,"拼装,组装"
2485,"鸿儒,白丁"
2488,"残缺,残破"
2491,"人迹罕至,渺无人烟,荒无人烟,地广人稀"
2494,"下场,上场,退场"
2497,"白文,朱文"
2500,"荒凉,萧瑟,萧条,荒疏,芜秽,凋敝,萧疏,疏弃,荒芜,抛荒,衰落,荒废,荒漠"
2503,"承载,运载"
2506,"写照,写真"
2509,"一差二错,山高水低,阴错阳差,阴差阳错,三长两短,一念之差"
2512,"结冰,解冻"
2515,"步步高升,步步登高"
2518,"不理,不睬"
2521,"美名,美誉"
2524,"笔述,口述"
2527,"出勤,旷工,缺勤"
2530,"买方,卖方"
2533,"贫血,血虚,血亏"
2536,"低三下四,低声下气"
2539,"付梓,排印"
2542,"剖腹藏珠,削足适履,因噎废食,因小失大,刖趾适屦,生搬硬套"
2545,"玉盘,玉环,月亮,玉轮,玉蟾"
2548,"心照不宣,成竹在胸,胸有成竹,心心相印,心中有数,心领神会"
2551,"义冢,公墓"
2554,"渐变,突变"
2557,"眉来眼去,暗送秋波"
2562,"手表,腕表"
2565,"毛笔,羊毫"
2568,"邀功,要功"
2571,"饥饿,饥荒"
2574,"捷径,弯路"
2577,"瘦骨如柴,仙风道气,仙风道骨"
2580,"丧事,凶事"
2583,"不可开交,不亦乐乎"
2586,"异姓,同姓"
2589,"适口,厚味,鲜味,美味,可口,甘旨"
2592,"妙趣横生,妙不可言"
2595,"血肉横飞,血肉模糊"
2598,"早茶,夜宵"
2601,"萍水相逢,素昧平生,素不相识"
2604,"羽士,道士"
2607,"双轨,单轨"
2610,"惶惶不安,忧心忡忡,忧心如捣,郁郁寡欢,提心吊胆,悲观厌世,忧心如焚"
2613,"爱莫能助,鞭长不及,无能为力,心有余而力不足,力所不及,鞭长莫及,心余力绌,力不从心,力有未逮,力不能及"
2616,"一路货色,一丘之貉,泾渭不分,难兄难弟"
2619,"鳞次栉比,密密麻麻,星罗棋布,密密匝匝,密密层层"
2622,"速决战,持久战"
2625,"南门,北门"
2628,"悔悟,悔过"
2631,"吊水,取水,打水"
2634,"共谋,同谋,协谋,合谋"
2637,"新年,献岁"
2640,"湍急,潺湲,潺潺"
2643,"凶兆,恶兆"
2646,"遥遥相对,一呼百应,遥相呼应,前呼后拥,一呼百诺"
2649,"鬼摸脑壳,鬼迷心窍"
2652,"一丝不挂,赤身裸体"
2655,"望月,新月,朔月,满月"
2658,"皮开肉绽,遍体鳞伤,体无完肤"
2661,"腋臭,狐臭"
2664,"堕胎,人工流产,打胎"
2667,"筵席,酒菜,酒席"
2670,"以柔克刚,以攻为守,以屈求伸,以退为进"
2673,"杜门不出,韬光养晦,养晦韬光,闭门不出,韬光晦迹,韫椟藏珠"
2676,"奖惩,赏罚"
2679,"食客,门客"
2682,"临崖勒马,悬崖勒马"
2685,"书橱,书厨,书柜"
2689,"蜡烛,烛炬"
2692,"健步如飞,踉踉跄跄"
2695,"上火,去火"
2698,"严刑峻制,严刑峻法"
2701,"飞驰,飞奔,疾驰"
2704,"劲敌,强敌"
2707,"慷慨悲歌,如泣如诉"
2710,"阴面,阳面"
2713,"告饶,求饶,讨饶"
2716,"嬉笑,怒骂"
2719,"自持,矜持"
2722,"花草,花卉"
2725,"浮想联翩,思绪万千"
2728,"茕居,独居"
2731,"外债,内债"
2734,"鄙谚,俗谚,俚语,俗语,俗话"
2737,"凡愚,圣贤"
2740,"黑钱,陋规"
2743,"乡人,村夫"
2746,"对口,单口"
2749,"阴冷,晴和,阴凉"
2752,"千载难逢,百年不遇,千载一时"
2755,"活门,活路,生路"
2758,"洗礼,浸礼"
2761,"明快,艰涩,晦涩"
2764,"武术,技击"
2767,"卖国贼,爱国者"
2770,"仁至义尽,不仁不义"
2773,"公演,预演"
2776,"均摊,均派"
2779,"闲逛,闲荡"
2782,"千山万水,万里长征"
2785,"动产,恒产"
2788,"佛学,梵学"
2791,"避世绝俗,愤世嫉俗"
2794,"离经叛道,大逆不道,背信弃义"
2797,"长寿,龟龄,长命"
2800,"庙门,山门"
2803,"白头偕老,白头到老,白头相守"
2806,"外头,里头"
2809,"讹夺,错漏"
2812,"月朔,初一,月吉"
2815,"苦衷,心事,苦楚,隐衷,隐痛,苦处,凄凉"
2817,"一无所长,一无所能,一无是处,一无可取"
2820,"写作,写稿"
2823,"冷言冷语,冷嘲热讽,冷语冰人"
2826,"立锥之地,方寸之地,置锥之地,弹丸之地"
2829,"龋齿,蛀牙"
2832,"下家,上家"
2835,"倚恃,倚仗"
2838,"西岳,华山"
2841,"牌坊,牌楼"
2844,"长吁,长叹,浩叹"
2847,"如箭在弦,箭在弦上,矢在弦上"
2850,"心如刀割,五内如焚,肝肠寸断"
2853,"众寡悬殊,寡不敌众,众寡不敌"
2856,"才华盖世,才华横溢"
2859,"激辩,舌战"
2862,"删节,删省"
2865,"歪歪扭扭,歪七扭八"
2868,"文言文,语体文"
2871,"真话,实话"
2874,"含饴弄孙,天伦之乐"
2877,"长跑,短跑"
2880,"藐藐,谆谆"
2883,"古往今来,古今中外"
2886,"暴怒,隐忍"
2889,"别字,正字,误字,错字"
2892,"岩穴,山洞"
2895,"山人,隐士"
2898,"谐谑,戏谑,调笑"
2901,"凡夫俗子,芸芸众生"
2904,"对牛弹琴,对牛鼓簧,白费口舌"
2907,"上装,卸装"
2910,"后继有人,传宗接代"
2913,"青蛙,田鸡"
2916,"迎头赶上,奋起直追,急起直追"
2919,"草率从事,三思而行"
2922,"偷安,苟安"
2925,"宗族,系族"
2928,"充电,放电"
2931,"寒风,朔风,冬风,北风"
2934,"笑嘻嘻,笑哈哈,笑吟吟,笑呵呵"
2937,"治装,束装,整装,散装"
2940,"早春,初春"
2943,"媚外,排外"
2944,"时运不济,流年不利"
2947,"本末倒置,喧宾夺主,反客为主"
2950,"鬼魅,鬼怪"
2953,"刺骨,砭骨,透骨,澈骨"
2956,"翻箱倒柜,翻箱倒箧"
2959,"和平共处,天伦之乐,弱肉强食,和睦相处"
2962,"大海捞针,海中捞月,难如登天"
2965,"划船,荡舟"
2968,"白皙,白净"
2971,"烹调,烹饪"
2974,"大功告成,万事大吉,万事亨通"
2977,"充数,凑数"
2980,"齐大非偶,门当户对"
2983,"墓穴,泉台"
2986,"五颜六色,五彩缤纷,万紫千红"
2989,"威风,雄风"
2992,"山公,猴子"
2995,"精忠报国,尽忠报国"
2998,"忘本,念旧"
3001,"苛政,暴政,虐政"
3004,"祸水,福星"
3007,"掉包,偷换"
3010,"科班出身,半路出家"
3013,"仰药,服毒"
3016,"临渊羡鱼,临河羡鱼"
3019,"发人深省,发人深思"
3022,"计上心头,情急智生,急中生智"
3025,"中叶,中世"
3028,"宠儿,骄子"
3031,"册页,书页"
3034,"受惠,沾恩"
3037,"艳阳天,晴天"
3040,"归队,离队"
3043,"迎宾,谢客"
3046,"围巾,领巾"
3049,"单线,复线"
3052,"用途,用处,用场"
3055,"闹市,荒村"
3058,"买办,大班"
3061,"云鬟,雾鬓,云鬓"
3064,"跃进,爬行"
3067,"小样,大样"
3070,"洞穴,洞窟,窟窿"
3072,"躲债,避债"
3075,"寒流,暖流"
3078,"旧书,古书,新书"
3081,"焚书坑儒,焚典坑儒"
3084,"施教,受教"
3087,"泥坑,泥淖,泥塘"
3090,"互市,通商"
3093,"常客,稀客"
3096,"欧化,洋化,西化"
3099,"威压,平抑,镇压,鼓动,怀柔"
3102,"仪表堂堂,一表人才,一表非凡,飒爽英姿"
3105,"不欢而散,拂袖而去,扬长而去"
3108,"日曜日,星期日"
3111,"配房,厢房"
3114,"膜拜,跪拜"
3117,"风土人情,风俗人情"
3120,"私心,公心"
11,"作古,物化,毕命,舍弃,陨命,升天,逝世,死亡,亡故,丧生,捐躯,殉难,殉国,归天,阵亡,死灭,殒命,健在,获救,仙逝,去世,就义,仙游,圆寂,牺牲,弃世,断送,断命,丧命"
14,"殷勤,承袭,累赘,详尽,周全,严厉,郑重,卖力,任务,隆重,专心,空乏,当真,担当,移情,缜密,责任,庄严,承担,注意,留神,笼统,尽心,空虚,慎重,肃穆,承受,谨慎,专注,刻意,承继,翔实,包袱,职责,抽象,严密,威严,周密,悉心,详确,仔肩,控制,详实,提防,义务,周详,热情,继承,仔细,厚重,属意,细腻,决心,端庄,精良,严峻,留心,操纵,肩负,稳当,在心,精妙,用心,负担,掌管,把握,介怀,稳健,小心,精美,尽职,概括,严谨,紧迫,介意,空泛,详细,邃密,细心,职守,具体,承当,严格,严慎,周到,有劲,庄重,审慎,精细,精密,沉稳,精心,职掌,细密,严正,留意,掌握,秉承,担任,沉着,当心,雅致,稳妥,接受,危急,持重,细致,把稳,精巧,经受,认真,空洞,锐意,在意,稳重,负责,担负,严肃,严酷,精致,详明"
17,"克日,刻日,不日,指日,今日,近日,本日,今天,即日,期限,限期,刻期"
20,"体系,式样,皮相,场合,性子,背面,时局,境地,外面,素质,单方,田地,部分,法子,不和,外表,准则,后面,幻术,治安,章程,举措,次第,神情,局面,脸色,式子,依次,循序,纪律,方法,负面,步调,形象,要领,轮廓,按次,神志,阵势,模样,面子,外貌,主意,反面,地步,实质,修养,步伐,情景,条例,顺序,规定,魔术,系统,表情,教养,想法,正面,素养,规律,枢纽,时事,花招,措施,格式,技俩,心里,关节,手腕,形貌,外观,心情,涵养,技巧,神态,实际,花式,本质,大势,局势,内面,序次,神气,方式,概况,次序,时势,地势,格局,名目,品质,门径,侧面,体例,伎俩,形势,状貌,款式,事势,形状,名堂,局部,戏法,本体,姿势,设施,样式,空想,花样,边框,环节,现象,气象,规则,手段,把戏,秩序,本色,反目,步骤,幻想,本事,形态,内心,名义,本领,外在,神色,景象,内容,事态,现实,妄想,形式,手法,表象,姿态,法则,程序,表面,后头,性质,编制,景色,大局,样子,顺次,片面,容貌,办法"
23,"表里,内外"
26,"祈祷,祷告"
29,"看待,对付,对待,周旋,对于,应付"
32,"履新,到任,就任,接事,离任,就职,复职,到差,免职,赴任,解职,上任,停职,任职,离职,辞职"
35,"悲哀,贴切,痛心,局促,做作,凄切,悲恸,拘束,难受,凄凉,痛楚,疼痛,哀痛,苦涩,伤心,忧伤,哀思,悲怆,心酸,酸心,悲凉,勉强,难过,自然,悲戚,悲痛,痛苦,疾苦,别扭,感伤,牵强,辛酸,造作,凄惨,哀伤,酸楚,悲壮,伤感,哀悼,悲惨,难熬,痛哭,困苦,伤痛,悲伤,沉痛"
38,"就是,即是,等于,便是"
41,"关连,干系,关系,说合,有关,关联,笼络,结纳,不关,相干,拉拢,相关,收买,撮合,联系,联络,皋牢,联合,收购,无关"
44,"拔擢,迈进,提高,跳级,提拔,升级,进取,进展,左迁,晋升,升迁,向上,荣升,扶植,留级,抬高,前进,右迁,革命,提携,降级,擢升,挺进,汲引,晋级,反动,进步,提升,升高,进级"
47,"其它,其余,另外,此外"
50,"外传,听说,宣扬,失传,传播,传扬,散播,宣称,史实,张扬,据说,传布,散布,传奇,传闻,流传,鼓吹,宣传,分布,撒播,外扬,撒布,传说,别传"
53,"承袭,承继,承受,继承,秉承"
56,"活动,疏导,恰似,相仿,运动,相似,行动,宛如,彷佛,形似,好似,沟通,营谋,作为,联络,相像,近似,相同,似乎,相反,勾当,当作,手脚,举动,疏通,犹如,雷同,行径,肖似,算作,看成,四肢,相通,步履,举止,类似,联系,好像,联合,一致,一样,动作,行为"
59,"知晓,知道,清晰,感觉,彰彰,招呼,领略,理解,感受,了解,体谅,懂得,显明,微妙,邃晓,明白,理睬,不明,感触,明确,明晰,体会,显然,明了,显露,感想,会意,大白,显现,揭开,昭着,分明,隐晦,领会,真切,灵通,领悟,体贴,明明,显著,清爽,感应,理会,彰着,晓畅,鲜明,意会,通晓,默契,谅解,昭彰,搭理,通达,清楚,光鲜,了然,明显,精确"
62,"不时,闲居,广大,平淡,平凡,经常,平素,常常,往往,时时,时常,通常,大凡,普遍,寻常,平日,凡俗,庸碌,普通,凡是,一般,常日,平时,平平,通俗,每每,泛泛,平常,平庸,清淡,中等,广泛,正常,平居,日常"
65,"光阴,韶光,手艺,时刻,韶华,年头,年华,年光,时光,年月,时代,技术,年代,时期,功夫,技巧,岁月,工夫,时候,技能,时间,空间,技艺,时辰,期间"
68,"缘起,因为,缘故,由于,理由,启事,缘由,起因,原由,原因,因由,原故"
71,"排队,列队"
74,"预兆,前兆,征候,先兆,征兆"
77,"永久,深远,瞬间,长期,悠长,永世,始终,永恒,经久,深入,修长,许久,短期,万世,良久,深刻,持久,悠久,永远,颀长,长远,长久,历久,细长,恒久,耐久,漫长,深切,久远"
80,"今年,本年"
83,"药品,药剂,方剂,丹方,药方,方子,单方"
86,"以至,以致,甚至,乃至"
89,"日暮途穷,每况愈下,一落千丈,内忧外患,山穷水尽,穷途末路,不能自拔,走头无路,世风日下,人心不古,内外交困,峰回路转,自暴自弃,一泻千里,江河日下,走投无路"
92,"昨年,旧年,去年,客岁"
95,"书记,报告,揭晓,宣布,宣告,尺简,陈诉,演讲,申述,揭橥,公告,呈报,发布,尺牍,通知,申报,公布,关照,通告,颁发,论述,尺书,文牍,布告,知照,讲述,文告,申说,颁布,文书,讲演,楬橥,告诉,申诉,告示,陈述,函牍,发表,敷陈,叙述,陈说"
98,"抛弃,舍弃,丢弃,放弃,丢掉,收留,唾弃,废弃,销毁,烧毁,摈弃,吐弃,扬弃,遗弃,摒弃"
101,"上来,下来,上去,下去"
104,"如同,宛若,貌似,犹如,雷同,相仿,肖似,相似,宛如,相通,类似,彷佛,形似,好似,仿佛,好像,相像,相同,近似,似乎,一致,一样"
107,"探问,探访,打听,探听,了解,探询"
110,"必需,必须"
113,"以后,往后,此后,以来,以还,今后,从此"
116,"胆敢,不敢"
119,"原料,质料,资料,材料,材质,质量,质地"
122,"考中,遴选,提拔,拣选,中式,抉择,拔取,接管,选择,容纳,回收,采用,挑选,采纳,接受,包容,登第,落第,接纳,及第,录取,收受,选用,落榜,采选,不第,登科,选拔,选取,接收,收用,采取"
125,"迟误,伸张,耽误,贻误,延迟,延长,迟延,膨胀,延伸,推后,耽搁,拖延,伸长,逗留,蔓延,伸展,延宕,延误,耽延,拉长,推迟,扩张"
129,"缘何,为何,何以,何故"
132,"同一,统一"
135,"存眷,关怀,体谅,关心,体贴,重视,关切,关注,眷注,谅解"
138,"亏折,失去,丧失,赢得,吃亏,丢失,耗损,失落,丢弃,取得,迷失,遗失,落空,丢掉,获取,获得,得到,失掉,牺牲,博得,亏损,损失"
141,"此次,这次"
144,"地区,地域,区域"
147,"张力,压力"
150,"出卖,销售,贩卖,出售,发卖"
153,"倡始,倡导,提议,提出,倡议,建议,创议,首倡,发起,主张,提倡"
156,"偏畸,设法,主张,公平,想法,偏颇,见解,偏私,偏见,意见,见地,公允,观念,看法,观点,左袒,偏袒,定见,主见,私见,见识,不公,宗旨,公正,成见,办法,主意,概念"
159,"摊开,放开"
162,"才智,才力,才具,才干,气力,才气,才华,智力,材干,能力,技能,本事,才略,实力,势力,本领,才能"
165,"严重,重要,风险,急切,次要,吃紧,紧急,告急,危险,急速,紧张,要紧,火急,快速,火速,危急,危机,垂危,危害,惨重,沉重,急迫,求助,紧迫,迅速,主要,迫切,险情,紧要,危境,首要,危殆,维护,求援"
168,"席卷,蕴涵,蕴含,囊括,包罗,蕴藏,包含,储藏,包括"
171,"勉励,传播,遍及,散布,推动,命令,漫衍,奖励,敦促,促使,鼓吹,夸奖,驱策,宽容,扬言,催促,宣扬,散播,宣称,促成,增长,役使,奖赏,分布,声张,冲动,策勉,驱使,撒布,差遣,推进,传扬,煽动,大气,劝勉,遍布,张扬,增加,使令,督促,激昂,大度,慰勉,宣传,撒播,鞭策,慷慨,兴奋,激动,鼓动,嘉奖,嘉勉,传布,鼓励,无私,流传,促进,增进,鼓舞,大方,激励"
174,"振作,失望,降落,减轻,着陆,缩小,省略,消沉,放松,出局,淘汰,升空,升起,下落,减退,节减,落第,低落,下降,减少,减缓,降低,沮丧,颓靡,裁减,收缩,减弱,缩减,不振,萎缩,降下,松开,删除,颓唐,削减,绝望,嘶哑,沙哑,起飞,悲观,泄气,灰心,裁汰,气馁,颓丧,踊跃,喑哑,缩短,紧缩,低沉,着落,上升,消极,飘落,抓紧,落选,颓废"
177,"高地,低地"
180,"集会,统一,聚会,授室,集合,民有,公有,合营,陪伴,合伙,凑集,相逢,搜集,再会,会合,网罗,纠集,积累,共和,调集,集中,合资,团结,联合,单独,匹配,相遇,积聚,完婚,成婚,民主,配合,娶妻,召集,汇集,独裁,收集,互助,合作,专有,采摘,合并,齐集,私有,纠合,征采,相聚,归并,专横,专政,专制,包括,合股,荟萃,分工,协同,成群,结合,总共,网络,国有,受室,搜求,成家,汇合,成亲,累积,共同,般配,共有,群集,鸠集,搜罗,单干,蚁合,积蓄,聚集,特有,相助,采撷,聚积,聚拢,组合,跋扈,采集,邂逅,会议,集结,聚合,分头,会集,重逢,协作,结婚,征求,众多,收罗,包罗,独占,鸠合,连合,汇聚"
183,"水平,程度"
186,"开释,绑架,拘留,捕获,禁锢,在逃,踩缉,羁系,捕捉,捉拿,扣留,监禁,在押,逃脱,看押,缉捕,截留,关押,拘禁,释放,拘押,擒获,囚系,囚禁,拘系,访拿,拘捕,追拿,搜捕,扣押,逮捕,幽囚,监管"
189,"机遇,机缘,时机,机会"
192,"凭单,批注,表白,说明,讲明,左证,声明,解释,声名,评释,证据,解说,讲解,注明,凭据,阐明,证实,注释,剖明,申明,表明,注解,疏解,诠释,证明,字据,凭证,注脚"
195,"资本,资金,血本"
198,"制度,轨制"
201,"这边,这里,那边,何处,这儿,哪里,那里,那儿"
204,"重新,再行,从新,从头"
207,"举世,全球,环球"
210,"港口,口岸"
213,"纳福,享受,享乐,享福"
216,"速度,速率"
219,"厘正,修改,改正,校阅,更改,纠正,核对,点窜,改进,订正,开创,窜改,刷新,删改,雠校,初创,矫正,首创,开拓,改良,创始,变革,校勘,更始,改革,勘误,独创,草创,更正,改观,改善,检查,创办,校订,批改,校正,考订,鼎新,维新,校对,革新,篡改,查对,始创,编削,修正,创新"
222,"省俭,俭约,节约,减省,节俭,节减,俭省,节省"
225,"音书,讯息,信息,音尘,新闻,音问,消息,故事,动静,音信,音讯"
228,"跟着,随着"
231,"输入,输出"
234,"当地,本地"
237,"滚动,转嫁,流淌,起伏,晃动,流动,动弹,转化,转动,旋转,转折,转移"
240,"中国,中原,华夏"
243,"呼唤,宽待,敕令,招待,迎接,号令,倡议,款待,饬令,接待,招呼,命令,答应,呼吁,下令,召唤,理会,应接,答理,号召"
246,"截止,截至,停留,停顿,停止"
249,"硬化,软化,坚硬,强硬"
252,"作甚,何为"
255,"戎行,部队,步队,队列,行列,队伍,军队"
257,"失事,出事"
260,"那样,如斯,云云,如此,如许,这样"
263,"造就,向导,野生,辅导,启发,引导,离间,指派,养育,指点,指示,携带,领导,培养,挑战,带领,成就,怂恿,唆使,教诲,诱导,栽种,指教,培植,启蒙,教唆,煽动,嗾使,哺养,提醒,教导,训诫,栽培,率领,培育,搬弄,指使,挑衅,指导,头领,指引,塑造,批示,种植,指挥,哺育,训诲,教育,劝导,开导,教训,挑拨,寻事,栽植,训导"
266,"横竖,归正,反正"
269,"开门,敞开,关门"
272,"太平,肃然,安然,祥和,砰然,稳定,平静,吉利,乱世,和谐,骚然,安宁,沉寂,盛世,保障,轰然,静寂,寂静,安好,恬静,隆然,肃静,保险,和平,保护,幽静,不祥,平和,宁静,僻静,安全,安谧,吉祥,衰世,安祥,清静,安定,安静,静谧,平安,沉静,寂然"
275,"儿女情长,耿耿于怀,铭心刻骨,一清二楚,春树暮云,念兹在兹,朝思暮想,铭心镂骨,言犹在耳,牵肠挂肚,记忆犹新,历历在目,历历可数,刻骨铭心,念念不忘"
278,"头脑,思想,思维,想法"
281,"保全,粉碎,生计,保管,保持,留存,保存,生活,破坏,保留,牺牲,生存,完好,存在,存储,歼灭,生涯"
284,"双方,两边"
287,"童子,稚童,成人,孩子,儿童,白叟,老翁,小孩,老人,孩童,大人,老头,孺子"
290,"中学,西学"
293,"花钱,用钱,费钱"
296,"权力,职权,权利,权益,权柄"
299,"耕田,种地,种田"
302,"痴狂,猖狂,放肆,狂热,肆意,嚣张,跋扈,狂妄,疯狂,专横,猖獗,恣肆"
305,"男性,女性"
308,"公诉,辩护,指控,控诉,控告,自诉"
311,"廉价,费钱,优点,利益,好处,克己,高价,公道,所长,益处,甜头,长处,便宜,自制,省钱,苦头"
314,"资本主义,社会主义"
317,"郊区,都市,都邑,城区,都会,城市"
320,"袒露,透露,暴露,泄露,泄漏,显露,宣泄,败露,显现,走漏"
323,"鸳侣,配头,夫妇,匹俦,伉俪,配偶,妃耦,佳耦,佳偶,夫妻"
326,"志愿,自愿,自发,自觉"
329,"政治,政事"
332,"失踪,失落,失散"
335,"职业,职司,施工,管事,作事,事业,办事,职责,责任,上班,下班,放工,处事,开工,任务,干事,职分,动工,使命,做事,兴工,工作,劳动"
338,"家乡,乡里,梓乡,闾阎,故里,州闾,桑梓,故乡,田园,梓里,故土,乡亲,老家,家园,闾里,同乡"
341,"公然,果然,竟然,居然,真的,果真,公开"
344,"私事,公事,公干,公务,私务"
347,"出境,入境"
350,"逃逸,兔脱,逃窜"
353,"乞假,请假,告假"
356,"相识,认识,明白,理解,了解,意识"
359,"根柢,根蒂,顶端,根基,基础,底子,根底,尖端,基石,真相,基本,先进,根本"
362,"在家,落发,出门,出家,削发,还俗,外出"
365,"房主,房东"
368,"即刻,立时,顿时,速即,立即,瞬间,立地,当即,当场,马上,立马,就地,登时,随即,即将,霎时,暂缓,立刻"
371,"合法,正当"
374,"劈面,劈头劈脸,对面,当面,迎面,劈头,扑面"
377,"计划,蓄志,希望,阴谋,贪图,图谋,计算,企图,居心,宅心,有心,蓄谋,蓄意,存心,推算,无意,妄想,算计,故意,野心,打算,用意,有意,意外,无心,盘算,妄图,筹划,希图,刻意"
380,"困阻,改动,转嫁,改正,更改,迁移,改造,纠正,变更,顺畅,变动,改良,变革,厘革,改革,转移,更正,改观,更变,迁徙,转动,校正,蜕变,改变,变化,革新,转化,转折,转变,修正"
383,"电话,德律风"
384,"茅厕,厕所"
387,"防守,占据,吞噬,打击,退军,攻陷,进击,进驻,冲锋,裁撤,迎战,撤离,泯没,占有,前进,攻击,占领,进军,湮灭,畏缩,沉没,撤回,除掉,后退,退缩,霸占,安定,攻下,防御,埋没,挺身,固守,淹没,除去,稳定,勾销,抗击,盘踞,吞没,覆没,护卫,撤除,撤退,进攻,攻破,据有,坚守,退兵,退却,消灭,撤消,固定,进兵,浮动,取消,撤军,攻克,袭击"
390,"打开,封闭,封锁"
393,"逐渐,逐步,冉冉,徐徐,慢慢,渐渐,缓缓"
396,"好动,迅捷,敏捷,康健,停滞,进展,活络,迟滞,飞速,伶俐,矫健,魁梧,快速,蹒跚,健硕,天真,灵动,残疾,飞快,灵巧,快捷,强健,矫捷,健壮,结实,活跃,生动,灵便,灵活,停顿,健全,迅速,凝滞,活泼,敏锐,灵敏,机灵,退缩,健康,壮实,壮健,强壮,圆活"
399,"瞒天昧地,瞒上欺下,掩人耳目,掩耳盗铃,瞒天过海,自欺欺人"
402,"进攻,进击,抗击,攻击,袭击"
405,"歧途,亨衢,巷子,大路,邪路,大道,邪途,通衢,小路,正途,小径,小道"
408,"劝告,劝说,奉劝"
411,"厚交,亲人,至交,怨家,帮凶,支属,友人,良知,仇家,同伙,知友,密友,对头,知交,冤家,仇人,心腹,深交,贴心,知音,知己,同伴,敌人,相知,老友,亲属,伴侣,亲信,党羽,朋友,仇敌,外人,知心,伙伴,朋侪,石友,诤友,恩人,至好,挚友,雠敌,兰交"
414,"攻讦,诘问,训责,批判,训斥,指谪,斥责,诃斥,责备,呵叱,诽谤,驳诘,质问,叱责,诘责,呵斥,申斥,批评,责难,求全,责骂,挑剔,指责,斥骂,指斥,非难,责怪,诘难,责问,指摘,谴责"
417,"接济,助手,同意,配合,赞许,救援,援救,拥护,襄理,辅助,帮手,附和,赞助,援手,允许,互助,合作,帮忙,佐治,津贴,赞成,许可,协作,支援,帮助,协助,补助,救助,襄助,副手,助理,援助,认同,辅佐,佐理,支持,补贴,赞同,扶助"
420,"返璧,借用,奉还,送还,拖欠,归还,退回,反璧,偿还,奉璧,清偿,了债,交还,璧还"
423,"面前,眼前"
426,"黑心,善意,恶意,歹心,好意,歹意,好心,美意,敌意"
429,"传授,教学,教授,教师,教练,讲授,训练,老师,西宾,教导,教员,教育,学员,锻练,师长,先生,西席"
432,"前列,前哨,前方,前线,火线,前面"
435,"衣裳,衣服,衣着"
438,"际遇,遭逢,遭遇,遇到,遭受,蒙受,境遇"
441,"讲求,追溯,追究,深究,严谨,认真,核办,探求,研究,根究,穷究,讲究,查办,追查,精致,考究,查究,精美"
444,"入狱,坐牢,出狱,下狱"
447,"恣虐,虐待,苛虐,残害,伤害,荼毒,残虐,摧残,损伤,毁伤,戕害,侵害,损害,侵略,肆虐,损坏,蹂躏,杀害"
450,"暗害,他杀,谋杀,暗杀,谋害,暗算,密谋,行刺"
453,"家族,家属,眷属,宅眷,家眷"
456,"普及,普通,普遍,广泛,遍及"
459,"政府,当局"
462,"狗仗人势,仗势欺人,狐假虎威,以强凌弱,有恃无恐,倚势凌人,弱肉强食,倚强凌弱"
465,"裂痕,漏洞,不敷,弱点,流弊,破绽,毛病,缺欠,裂缝,不足,瑕玷,瑕疵,弊端,缺点,缺陷,缝隙,过剩,污点,短处,罅隙,不够,流毒,马脚,坏处"
468,"买通,打通"
471,"穿扮,妆饰,妆扮,装点,藻饰,化装,美化,润饰,粉饰,修饰,点缀,装束,掩饰,着装,装潢,服装,打扮,妆点,装扮,装饰,化妆"
474,"止息,干活,歇息,停滞,停止,平定,安息,苏息,阻滞,勾留,安歇,暂停,平息,停息,中止,停歇,暂息,搁浅,中断,停顿,憩息,间断,断续,休憩,逗留,休息,停留,休止,安眠,一直"
477,"吃力,费力,省力,劳累,艰苦,辛勤,费劲,劳苦,辛劳,辛苦,省劲"
480,"彼此,相互,互相"
483,"查询,盘查,追问,查问,盘问,究诘,询问,盘诘"
486,"消耗,破钞,花消,增益,耗损,破费,破耗,积攒,消磨,保护,耗费,裨益,损耗,花费,损害,减损,消费,爱护,费用,维护"
489,"招聘,雇用"
492,"惟独,独有,只有,惟有,唯独,仅仅,独一,唯一,只是"
495,"远期,近期"
498,"南部,北部"
501,"目无余子,目空一切,唯我独尊,妄自尊大,不可一世,旁若无人,惟我独尊,自高自大,目中无人,得意忘形,目空四海"
504,"热诚,盛情,精密,严密,激情,密切,豪情,亲昵,体贴,严实,周密,亲近,亲切,亲密,缜密,关怀,严谨,热忱,严紧,紧密,亲热,热情,热心,关心,关切"
507,"乘车,搭车,坐车"
510,"狼狈,尴尬,作难,难受,为难,难堪"
512,"依然故我,墨守成规,循规蹈矩,独断独行,专横跋扈,横行霸道,恣行无忌,肆无忌惮,我行我素,一成不变,依然如故,原封不动,千篇一律,刚愎自用,独断专行"
515,"百般,各种,千般,多样,各样,万般,种种"
518,"轩然大波,大吵大闹"
521,"发出,收回,付出"
524,"间隔,分隔,隔离,阻遏,阻隔,隔绝,隔断,断绝,距离"
527,"官兵,胡匪"
530,"启航,解缆,启碇,起程,开航,启程,开赴,动身,返回,出发,开拔"
533,"机密,微妙,秘密,隐私,私下,诡秘,秘要,机要,奥密,隐藏,神秘,奇奥,奥秘,暗里,隐秘,秘籍,玄妙,奥妙"
536,"谍报,情报"
539,"寻衅,搬弄,离间,挑衅,挑战,寻事,挑拨,应战"
542,"起航,停航,返航,回航,出航"
545,"会面,会晤,迎接,碰头,造访,见面,参拜,探访,欢送,送别,访问,走访,相逢,谋面,拜见,告别,相会,会见,拜访,接见,拜候,晤面,拜望,参见,探望,送行,拜谒,碰面,看望"
548,"治权,政权"
551,"中选,当选,录取,考取,落选,入选,膺选"
554,"执政,在野,在朝"
557,"着作,通行,文章,流行,鸿文,高文,作品,风行,大作,盛行,着述"
560,"留住,迁移,留下"
563,"停泊,停靠"
566,"丧气,懊悔,仇恨,后悔,怨恨,懊丧,怨言,憎恨,颓落,悔恨,悔怨,抱怨,颓败,痛恨,颓丧,追悔,诉苦,反悔,忏悔,衰颓,沮丧,牢骚,埋怨,颓靡,懊恼"
569,"料理,办理,摒挡,收拾,拾掇,治理,整顿,整改,处理,清理,整饬,算帐,改革,百废待兴,整理,清算"
572,"雪白,墨黑,洗净,漆黑,干净,皎皎,乌黑,洁白,清洁,洁净,清白,皎洁,纯洁,明净,纯净"
575,"边沿,边缘"
578,"叫苦不迭,长吁短叹,唉声叹气,无精打采,叫苦连天,垂头丧气"
581,"操纵,睡觉,左右,就寝,上床,安置,睡眠,安装,装置,掌握,掌管,把握,安顿,安放,安设,安排,起床,安插,控制,操作,休眠,驾驶,摆布,支配,装配,寝息,驾驭,放置"
584,"彪炳,优秀,优异,杰出,优越,优良,喧赫,良好,精良,特出"
587,"食品,食物"
590,"最好,最佳"
593,"一月,正月,元月"
596,"败诉,胜诉"
599,"刚正,平允,正大,朴直,公平,公道,刚直,合理,正派,平正,正直,公正,公允"
602,"军用,民用"
605,"善于,拿手,副业,强项,擅长,专长,业余,专科,特长,长于,专业"
608,"罕见,少有,稀有,稀罕,少见,罕有,有数,珍稀,稀少"
611,"公理,强权,正义,正理"
614,"加快,加速,延缓,放慢,减慢,减速"
617,"残暴,暴戾,霸道,横蛮,锐利,顽恶,阴毒,恶毒,暴虐,刁顽,毒辣,邪恶,凶狠,王道,犀利,阴险,冷酷,仁慈,残忍,尖锐,强暴,凶险,强横,狂暴,虚假,险恶,厉害,横暴,凶恶,刁钻,阴恶,狞恶,奸诈,凶悍,凶残,狰狞,锋利,蛮横,凶猛,粗暴,野蛮,诈伪,凶暴,笃实,歹毒,强奸,刁滑,狠毒,温顺,凶横"
620,"山君,老虎"
623,"绮丽,姣美,标致,秀美,悦耳,瑰丽,好听,壮丽,悦目,美妙,婉转,秀雅,华美,俊俏,俊美,动听,雅观,清秀,秀气,妍丽,奇丽,精美,美丽,朴素,美好,漂亮,华丽,好看,优雅,绚烂,英俊,美艳,绚丽,奢侈,花俏,锦绣,美貌,姣好,秀丽,柔美,艳丽,富丽,都雅,俊丽,美观,俊秀,优美"
626,"发泄,宣泄,郁积"
629,"顺服,迁就,功效,遵照,固守,遵循,顺从,变通,屈从,屈服,恪守,投降,着力,听命,抵触,效力,死守,遵守,功用,坚守,服帖,效劳,遵从,听从,灵活,投诚,出力,效用,驯服,服从,协助,效率,成效,效能,明达"
632,"老调重弹,不合时宜,陈词滥调,旧调重弹,千篇一律,老生常谈"
635,"罪恶滔天,十恶不赦,惨无人道,丧心病狂,暴戾恣睢,无恶不作,作恶多端,伤天害理,罪该万死,罪大恶极,惨不忍睹,丧尽天良,心狠手辣,惨绝人寰,恶贯满盈,灭绝人性,穷凶极恶"
638,"戳穿,透露,揭示,检举,暴露,揭发,揭露,揭破,窝藏,揭穿,举报"
642,"丰盛,丰厚,雄厚,丰富,富厚,优越,优厚,丰硕,厚实,丰裕"
645,"外乡,外埠,外地,外路,他乡,外来,异乡,异地,异域,外方,本地"
648,"劳神,顾虑,沉闷,甜蜜,高兴,担心,繁难,焦躁,不安,忧伤,麻烦,焦灼,愁闷,操心,顾忌,省事,烦懑,忌惮,纳闷,繁杂,香甜,忧郁,忧心,费心,悲伤,挂念,苦闷,悲哀,郁闷,忧虑,苦恼,哀愁,担忧,畏忌,费神,烦恼,发愁,难过,不便,抑郁,复杂,烦闷,抑塞,费事,烦琐,焦虑,悲痛,痛苦,疑惑,忧愁,惆怅,不快,忧闷,甜美"
651,"莫非,难道,岂非"
654,"高上,廉价,清廉,低微,低贱,卑贱,下贱,粗俗,鄙俗,卑下,高尚,低廉,廉洁,庸俗,低下,下级,俗气,便宜,卑微,高洁,纯洁,下流"
657,"中医,西医"
660,"尊严,尊荣,尊容,庄严,威严"
663,"嗟叹,欷歔,叹气,感慨,感叹,感伤,感触,叹息,感喟,咨嗟,慨叹,太息"
666,"三人成虎,以讹传讹,谬种流传"
669,"况且,并且,而且,何况"
672,"衰败,缩小,勃兴,萎缩,缩短,衰落,紧缩,收缩"
675,"治绩,政绩"
678,"他乡,异乡,异地,异域"
681,"质料,原料,资料,材料,材质,质量,质地"
684,"假名,化名"
687,"后门,前门"
690,"穿戴,穿着"
693,"关闭,合拢,开设,闭塞,封闭,并拢,紧闭,闭合,封锁,关上"
696,"卧室,寝室"
699,"雕栏,栏杆"
702,"跌落,高涨,回升,回跌,高潮,腾贵,下降,贵重,下跌,高贵,跻登,飞腾,上升,回落,上涨,昂贵"
705,"衰亡,消失,消灭,磨灭,死亡,长存,永存,脱色,染色,绝迹,消亡,覆灭,消散,消逝,灭亡,褪色,灭绝"
708,"分管,分担"
711,"褪色,磨灭"
714,"闻名,无名,着名,知名,著名,有名,出名,驰名"
717,"谰言,谎言,蜚语,坏话,好话,谣言,浮名,流言,鬼话,蜚言,假话,诳言,大话,谎话,浮言"
720,"葬送,安葬,埋葬,掩埋"
723,"天堂,天国"
726,"签收,签发"
729,"惊怖,惊吓,惊愕,震撼,觳觫,颠簸,赞叹,波动,寒战,摇动,齰舌,骇怪,惊诧,惊动,震动,振动,动摇,颤动,受惊,恐惧,讶异,抖动,惊讶,颤抖,颤栗,振撼,惊悸,惊叹,震荡,轰动,哆嗦,诧异,咋舌,吃惊,发抖,惊奇,震惊,战抖,战栗,惊异,感叹,震慑"
732,"州里,乡镇"
735,"羞惭,羞愧,惭愧,自卑,汗颜,羞赧,内疚,愧疚"
738,"勇敢,无畏,大胆,英勇,果敢"
741,"江郎才尽,黔驴技穷,黔驴之技,江淹才尽,无计可施,束手无策,黔驴技尽"
744,"密码,暗记,旗子,记号,暗码,旌旗,旗帜,暗号,旗号,信号,明码"
747,"发笑,失笑"
750,"诬蔑,歪曲,误解,扭曲,误会,曲解,污蔑"
753,"加重,加剧"
756,"尊贵,伟大,风雅,温柔,优雅,典雅,精雅,文明,端淑,温婉,娴静,高贵,高尚,文雅,斯文,大雅,娴雅,崇高,显贵,优美,雅致,高雅,文静,昂贵"
759,"免费,收费"
762,"讨教,请示,请教,就教,汇报,请问,指导,报告,求教,叨教"
765,"科技,科学,迷信"
770,"斗胆,大胆"
773,"若隐若现,若有若无"
776,"生意盎然,如火如荼,欣欣向荣,如日中天,生气勃勃,盛极一时,朝气蓬勃,生机盎然,繁荣富强,枝繁叶茂,繁荣昌盛,烜赫一时,生龙活虎,生机勃勃,方兴未艾,枝叶扶疏,蒸蒸日上,风起云涌,龙腾虎跃,轰轰烈烈,旭日东升"
779,"刊登,登载"
782,"酬酢,应酬,外交,内务,社交,寒暄,问候,交际,问好,客套"
785,"竭诚,诚恳,孔殷,急切,恳挚,迫切,忠厚,诚挚,紧急,老实,厚道,真挚,诚实,真诚,忠实,宽厚,忠诚,诚信,敦厚,诚笃,殷切,憨厚,恳切"
788,"趋势,趋向"
791,"处死,正法"
794,"东方,西方"
797,"贩子,市井,街市,估客,商人"
800,"新教,旧教"
803,"成熟,老练"
806,"使劲,用力"
809,"当事者,事主,本家儿,当事人"
812,"白人,黑人"
815,"领取,散发,支付,发放,披发,开销,散布,效益,拆散,回收,储备,支拨,扩散,分散,利润,收益,发射,结集,收集,辞别,离别,收入,开支,支出,付出,涣散,分别,收纳,散开,散逸,疏散,贮存,分离"
818,"工业国,农业国"
821,"无能为力,七手八脚,听天由命,无计可施,望而却步,小手小脚,听其自然,一筹莫展,计无所出,手足无措,手忙脚乱,望眼欲穿,力所不及,畏葸不前,知难而退,惊慌失措,坐以待毙,自生自灭,望穿秋水,束手就擒,措手不及,小家子气,束手无策,束手待毙,猝不及防,力不从心,听之任之,力不能及"
824,"利害,优劣,是非,瑕瑜,长短,短长"
827,"嘲讽,嘉许,诋毁,臆造,讽刺,毁谤,造谣,斥责,嘲谑,责备,嘲笑,诽谤,离间,捉弄,嘲弄,杜撰,戏弄,挖苦,侮弄,申斥,讥笑,中伤,作弄,讥刺,愚弄,奚落,贬斥,讥讽,责难,讪谤,调侃,取笑,诬捏,假造,诬蔑,玩弄,标榜,责问,讥嘲,伪造,捏造,谴责"
830,"爽快,率直,轩敞,坦直,明朗,辽阔,直爽,畅快,坦率,豁达,壮阔,开畅,爽朗,开阔,爽直,广阔,不爽,坦白,开朗,宽阔,直率,干脆,直接"
833,"暴露无遗,庐山真面,真相毕露,图穷匕见,破绽百出,自相矛盾,不打自招,庐山真面目,漏洞百出,原形毕露,东窗事发,水落石出,真相大白"
836,"掉臂,不顾"
839,"及格,合格"
842,"托故,藉词,藉端,托词,托辞,借端,借故,借口"
845,"快马加鞭,再接再厉,疲于奔命,马不停蹄,通宵达旦,焚膏继晷,日以继夜,废寝忘食,席不暇暖,夜以继日"
848,"文件,文献"
851,"亮相,表态,展示"
854,"竞赛,竞争,比赛,比试,较量,逐鹿,角逐"
857,"一言为定,一言九鼎,说一不二,金口玉言,言而有信,一字千钧"
860,"初级,低等,高等,低级,上等,初等,下等,高档,劣等,高级"
863,"掌上明珠,娇生惯养,穷奢极侈,锦衣玉食,鲜衣美食,养尊处优"
866,"浮光掠影,浅尝辄止,不求甚解,蜻蜓点水,洞察秋毫,半途而废,走马观花,似懂非懂,囫囵吞枣,一知半解,一孔之见,走马看花"
869,"漫游,遨游,航行,飘动,飞舞,飞翔,潜水,周游,翱翔,飞行,飞越"
872,"倾轧,架空,排挤,排除,排斥"
875,"稳操胜券,十拿九稳,九牛二虎之力,来之不易,稳操胜算,垂手可得,举手投足,万无一失,轻而易举,谈何容易,唾手可得,易如反掌"
878,"风平浪静,平安无事,相安无事,长治久安,天下太平,息事宁人,河清海晏,海不扬波"
881,"共鸣,共识"
884,"复学,休学"
887,"神经病,精神病"
890,"近来,比来,最近,迩来"
893,"各色各样,毫发不爽,多种多样,千奇百怪,林林总总,丰富多采,毫无二致,应有尽有,形形色色,千人一面,一模一样,一成不变,五光十色,纹丝不动,五花八门,各种各样,依然如故,原封不动,如出一辙,千篇一律,各式各样"
897,"管帐,司帐,会计"
900,"获利,亏本,赚钱,赢利,盈利"
903,"运道,运气,命运"
906,"将来,翌日,未来,明天,明日,来日"
909,"良性,恶性"
912,"村落,乡下,村子,墟落,城里,乡间,乡村,屯子,农村,村庄"
915,"肉瘤,赘瘤"
918,"搬场,徙迁,迁居,搬家,乔迁,莺迁,搬迁"
921,"能否,可否"
924,"值得,不值"
927,"内省,自省"
930,"循规蹈矩,规行矩步,按部就班,安分守己,循序渐进"
933,"擅权,专权"
936,"专用,通用"
939,"救急,济急,应急"
942,"恶魔,妖魔,邪魔,天主,上帝,魔鬼,天使,天神,妖怪"
945,"洋娃娃,洋囝囝"
948,"沙岸,沙滩"
951,"暑假,寒假"
954,"委派,任用,付托,任命,委任,托付,依附,吩咐,嘱托,委托,拜托,请托,奉求,交托,委用,录用,寄托"
957,"伸谢,申谢,答谢,报答,酬谢,酬报,报酬,感激,感谢,叩谢,酬金,称谢,道谢,致谢"
960,"居住,栖身"
963,"清醒,苏醒,惊醒,觉醒,复苏,醒悟"
966,"一边,一壁,一面"
969,"伸手,缩手"
972,"严防,谨防"
975,"在世,活着"
978,"微乎其微,不足挂齿,微不足道"
981,"屈指可数,百里挑一,沧海一粟,凤毛麟角,寥寥可数,寥若晨星,寥寥无几,一丝一毫,不可多得,九牛一毛"
984,"胆大妄为,浑身是胆,胆大包天,变本加厉,明目张胆,肆无忌惮,明火执杖,明火执仗,肆意妄为,气焰嚣张"
987,"对准,瞄准"
990,"售货,退货,进货"
993,"售卖,采办,购置,购买,售货,采购,变卖,出卖,收买,退货,置备,贩卖,进货,经销,出售"
996,"矢口抵赖,矢口否认"
999,"称呼,称号,称谓"
1002,"伙计,店员"
1005,"陌头,街头"
1008,"项链,项圈"
1011,"简牍,书翰,信札,尺书,竹简,文牍,尺简,尺素,书牍,书札,手札,翰札,书信,函件,书简,尺牍,函牍,信件,书函"
1014,"脚本,剧本"
1017,"首相,宰相,辅弼,宰衡,宰辅"
1020,"高枕无忧,高枕而卧,后顾之忧,麻痹大意,无忧无虑,无牵无挂"
1023,"倒塌,崩裂,崩塌,倾圮"
1025,"仲裁,评断,评议"
1028,"降格,升格"
1031,"兴修,营建,兴建"
1034,"漫谈,闲谈,会谈,商谈,座谈"
1037,"头路,端倪,眉目,线索,头绪"
1040,"茂密,繁盛,茂盛,稠密,密集,旺盛,繁茂,浓密,细密"
1043,"外科,内科"
1046,"戛然而止,自然而然,听其自然,油然而生,不由自主,城下之盟,鬼使神差,大势所趋,水到渠成,情不自禁,身不由己"
1049,"自尽,自杀,自裁,寻短见,自戕"
1052,"改嫁,再醮"
1055,"火化,火葬"
1058,"钱财,财帛"
1061,"不力,得力"
1064,"专职,兼职,本职"
1067,"属员,部下,辖下,下级,属下,部属,下属,手下,治下"
1070,"毒品,补品"
1073,"险峻,高下,潦倒,蜿蜒,坎坷,崎岖,低洼,辗转,高低,弯曲,上下,曲折,平缓,侘傺,迂回,高峻,凹凸,落魄,平坦,陡立,峻峭,周折,陡峭"
1076,"背工,后手,夹帐,回扣"
1079,"出院,入院,住院"
1082,"专断,私行,私自,擅自,专擅"
1085,"公用,私用,自用"
1088,"留步,停步,止步"
1091,"务虚,务实"
1094,"治病救人,救死扶伤"
1097,"盲人,瞽者,瞎子"
1100,"放火,纵火"
1103,"妓院,娼寮,勾栏,北里,章台"
1106,"白手,徒手,赤手,空手"
1109,"过激,稳健"
1112,"附属,从属,隶属"
1115,"挥发,蒸发"
1118,"耸立,耸峙,笔直,卓立,岳立,苍劲,挺拔,挺直,伸直,屹立,直立,矗立,挺立"
1121,"后脚,前脚"
1124,"斗殴,联欢,相打,打斗,讲和,打架"
1127,"热闹,呼噪,呼喊,叫嚷,高歌,哗闹,高唱,吵闹,大叫,呐喊,叫嚣,朗诵,叫唤,叫喊,喧嚣,低吟,喧闹,鼎沸,喧嚷,喧哗,吆喝,蜩沸"
1130,"客观,主观"
1133,"反感,好感"
1136,"流离颠沛,浪迹天涯,离乡背井,颠沛流离,流离转徙,荡析离居,流离失所,家破人亡,四海为家,无家可归,背井离乡,妻离子散"
1139,"预测,展望,预计"
1142,"干枯,干燥,干涸"
1145,"合成,分解"
1148,"同志,同道"
1151,"腌臜,污秽,肮脏,浑浊,污浊,玷污,邋遢,净化,龌龊,混浊,污染"
1152,"死灰复燃,卷土重来,震天动地,波澜壮阔,大张旗鼓,重振旗鼓,东山再起,声势浩大,轰轰烈烈,汪洋大海,烈烈轰轰,惊天动地,重起炉灶"
1155,"实事求是,踏踏实实,脚踏实地,不折不扣,彻上彻下,原原本本,彻里彻外,彻头彻尾,哗众取宠"
1158,"绝妙,高明,巧妙,高深,高超"
1161,"卓有成效,一事无成,立竿见影,行之有效"
1164,"光临,惠顾,来临,降临,驾临,惠临,到临,光降,莅临,光顾"
1167,"残存,残余,残留,赢余,节余,红利,结余,盈利,彻底,残剩,糟粕,剩余,透彻,盈余"
1170,"东南,西北"
1173,"权衡,量度,衡量"
1176,"如愿,称心,遂愿"
1179,"旧居,新房,故园,新居,故居,故宅,新址"
1182,"自负,自信,相信,自满,高傲,狂妄,自大,自尊,自豪,骄横,自傲,高慢,傲慢,骄傲"
1185,"浪掷,浪费,糟塌,糟蹋,挥霍,销耗,摧残,华美,辚轹,阔绰,耗费,糜费,踩踏,蹂躏,质朴,华丽,踹踏,奢华,耗损,花消,纯朴,丽都,践踏,浮华,奢侈,虚耗,寒酸,华侈,都丽,奢靡,铺张,豪华,花费,富丽"
1188,"衣饰,服饰"
1191,"阴晦,黯淡,墨黑,昏暗,漆黑,暗淡,阴雨,阴沉,黝黑,灰暗,乌黑,晴朗,阴暗,幽暗,黑暗,阴霾,黯澹,晦暗,阴郁"
1194,"面试,口试,笔试"
1197,"狡辩,诡辩,狡赖,抵赖"
1200,"高高在上,高屋建瓴,居高临下,无出其右,至高无上,登峰造极"
1203,"岗亭,岗位"
1206,"踟蹰,迟疑,踯躅,徘徊,彷徨,踌躇,犹豫"
1209,"乳名,小名,奶名,学名"
1212,"举家,全家,合家,百口"
1215,"意气相投,一见倾心,心手相应,一唱一和,龙飞凤舞,如法炮制,天马行空,当行出色,气味相投,火上加油,邯郸学步,炉火纯青,同心合意,洋洋洒洒,泼油救火,挑拨离间,如虎添翼,火上浇油,挥洒自如,出神入化,如胶似漆,游刃有余,煽风点火,得心应手,心心相印,兴风作浪,遥相呼应,马首是瞻,驾轻就熟,排忧解难,一拍即合,如鱼得水,情投意合,东施效颦,推涛作浪,志同道合,莫逆之交,惺惺相惜,登堂入室,滚瓜烂熟,亦步亦趋,相亲相爱,登峰造极,鸿篇巨制,推波助澜"
1218,"多嘴,沉默,默默,缄默,寡言,安静,多言"
1221,"起锚,抛锚"
1224,"帷幕,帐篷,帐幕"
1227,"完稿,脱稿"
1230,"长大,短小"
1233,"大笑,窃笑"
1236,"尔虞我诈,同床异梦,大公无私,敬而远之,奉公守法,离心离德,两袖清风,明争暗斗,勾心斗角,不徇私情,囊空如洗,肝胆相照,一贫如洗,推诚相见,肝胆照人,尔诈我虞,诚心诚意,一无所有,克己奉公,光明磊落,披肝沥胆,开心见诚,一文不名,钩心斗角,大义灭亲,胸无城府,正大光明,廉洁奉公,一穷二白,推心置腹,明枪暗箭,开诚布公,真心诚意,开诚相见,洁身自好,名正言顺,六亲不认,若即若离,分崩离析,光明正大,貌合神离,堂堂正正,襟怀坦白,貌合心离"
1239,"订正,雠校,校对,检阅,校阅,校订,校正,考订"
1242,"闻一知十,融会贯通,触类旁通,问牛知马,举一反三"
1245,"深思,寻思,沉思,思索,思考,覃思"
1248,"专心致志,乐而忘返,乐此不疲"
1251,"清流,浊流"
1254,"不劳而获,尸位素餐,坐收渔利,饱食终日,坐享其成,不义之财,民脂民膏,坐地分赃"
1257,"沸水,滚水,冷水,热水,开水"
1260,"起草,草拟"
1263,"查封,启用"
1266,"撒谎,扯谎,说谎"
1269,"劣马,宝马,名驹,良马"
1272,"念头,动机,主意,想法"
1275,"历年,积年"
1278,"客土,本土"
1280,"将近,快要"
1283,"喂养,豢养,饲养"
1286,"图章,印章,钤记"
1289,"中毒,解毒"
1292,"口供,供词"
1295,"顽疾,恶疾"
1298,"泥土,土壤"
1301,"防地,防线"
1304,"立品,立身"
1307,"有的放矢,灵机一动,对症下药,量力而行,实事求是,就地取材,量体裁衣,言必有中,争分夺秒,一语中的,相机行事,一语破的,随机应变,心血来潮,一针见血,量入为出,见机而作,入境问俗,因地制宜,一语道破,见缝插针,因时制宜,入乡随俗,看风使舵"
1310,"沁人心脾,空气污染"
1313,"广义,狭义"
1316,"贬值,缩水,增值,升值"
1319,"大水,洪水,洪流"
1322,"争斗,和解"
1325,"疲顿,困顿,疲钝,劳顿,疲劳,疲困,疲乏,劳碌,劳累,疲惫,繁忙,疲倦,忙碌"
1328,"面孔,脸颊,脸蛋,面容,仪容,脸孔,面庞,嘴脸,姿容,仪表,脸庞,像貌,姿色,状貌,容貌,面貌,面颊,相貌,姿首,边幅,面目"
1331,"舅舅,舅父,母舅,娘舅"
1334,"凹陷,凸出"
1337,"零落,脱落"
1340,"乐园,乐土"
1343,"直达,中转"
1346,"炸药,火药"
1349,"死人,熟人,生人,新人"
1352,"司理,经理"
1355,"杰作,佳作,佳构,精品,宏构"
1358,"正品,副品,废品,次品"
1361,"风云变幻,变化多端,变幻莫测,变化无穷,风云突变,变化无常,千变万化,摇身一变,变化莫测,白云苍狗,瞬息万变"
1364,"再犯,初犯,累犯"
1367,"理直气壮,力排众议,振振有词,光明正大,据理力争,问心无愧,义正词严,名正言顺,堂堂正正,心安理得,义正辞严"
1370,"底稿,稿本,草稿,初稿,原稿,定稿"
1373,"弟妇,弟媳"
1376,"自私,无私"
1379,"大展宏图,大有作为,有所作为,大有可为,大显身手"
1382,"爱国,卖国"
1385,"欠债,负债"
1388,"借贷,假贷"
1391,"发行,刊行"
1394,"治标,治本"
1397,"频年,近年,连年,比年"
1400,"迷茫,迷失,迷惑,困惑,苍茫,疑惑,狐疑,迷离,茫然,猜疑,渺茫,疑心,怀疑,不解"
1403,"投放,回笼"
1406,"朴素,浑厚,简陋,朴实,淳厚,纯朴,清脆,淳朴,俭朴,朴质,憨实,简朴,质朴,憨厚"
1410,"甚嚣尘上,满城风雨,轰动一时"
1413,"经籍,经书"
1416,"船坞,船厂"
1419,"全军,三军"
1422,"合时,适时,应时,当令"
1425,"招标,中标,投标"
1428,"破口大骂,含血喷人,口出不逊"
1431,"身形,体态"
1434,"摈除,招致"
1437,"不动声色,麻木不仁,不省人事,昏迷不醒,若无其事,无动于中,坦然自若,不露声色,无动于衷,泰然自若,不近人情"
1440,"协力,合力"
1443,"垂钓,钓鱼,垂纶"
1446,"剥夺,褫夺"
1449,"重量,轻量"
1452,"挡路,闪开,让开,让路"
1455,"递减,递增,递加"
1458,"光芒,光彩,光辉,灿烂,斑斓,光亮,光华,丢人,辉煌,亮光,色泽,光线,光泽"
1461,"一掷千金,大手大脚,穷奢极侈,挥金如土,一掷百万,挥霍无度,铺张浪费"
1464,"尽头,止境,终点"
1467,"角色,脚色"
1470,"东床,女婿,半子"
1473,"头破血流,狼狈不堪,焦头烂额,一败涂地,溃不成军,内外交困"
1476,"夏天,冬天,冬季,夏日,夏令,夏季"
1479,"前车可鉴,重蹈覆辙,引以为戒,他山之石,殷鉴不远,前车之鉴"
1482,"酒肉朋友,狐朋狗友,猪朋狗友"
1485,"提款,入款,存款"
1488,"贵人,朱紫"
1491,"相辅相成,相得益彰"
1494,"宝号,小号,大号"
1497,"呕吐,吐逆"
1500,"童年,青年,晚年,少年,暮年,老年,中年"
1503,"兼容并包,兼而有之,兼收并蓄"
1506,"天下为公,天下一家"
1509,"劳动者,剥削者"
1512,"体力劳动,脑力劳动"
1515,"醉酒,解酒"
1518,"叩门,打门,敲门"
1521,"怒不可遏,火冒三丈,怒气冲天,令人发指,怒火中烧,怒气冲冲,暴跳如雷,大发雷霆,勃然大怒,怒发冲冠,怒形于色"
1524,"原告,被告"
1527,"营私舞弊,徇私舞弊,巧取豪夺,以权谋私,拉帮结派,结党营私,徇情枉法,上下其手,贪污腐化,贪赃枉法"
1530,"云散,云集"
1533,"演义,小说"
1538,"选派,遴派"
1541,"旺季,淡季"
1544,"示范,演示"
1547,"陷落,沦亡,沦落,失守,沦陷,失陷"
1550,"等闲视之,黑色金属,满不在乎,有色金属,没有,不敢苟同,嗤之以鼻,漫不经心,不以为然,若无其事,不足挂齿,淡然置之,淡然处之,掉以轻心,不屑一顾,无动于衷,视如敝屣"
1553,"前功尽弃,半途而废,前功尽灭,功亏一篑,功败垂成"
1556,"论理学,名学,逻辑学"
1559,"繁衍,孳生,滋生,繁殖,孳乳,生息"
1562,"嫡系,旁支,嫡派,直系"
1565,"监犯,囚徒,犯人,阶下囚,罪犯,罪人,囚犯"
1568,"献艺,演出,表演,献技"
1571,"讲堂,课堂,教室"
1574,"酡颜,脸红"
1577,"冲锋陷阵,赴汤蹈火,身经百战,枪林弹雨,出生入死"
1580,"晨钟暮鼓,当头棒喝,当头一棒"
1583,"太阴,太阳"
1586,"痛快淋漓,连篇累牍,酣畅淋漓,大书特书,冗词赘句,淋漓尽致,长篇大论,空洞无物,干净利落,拖泥带水"
1589,"从头至尾,原原本本,自始至终,彻头彻尾,源源本本,从头到尾"
1592,"盗取,偷盗,窃取"
1595,"叛逃,潜逃"
1598,"深不可测,高深莫测"
1601,"据为己有,雁过拔毛,尖酸刻薄,利欲熏心,见利忘义,贪得无厌,见钱眼红,见钱眼开,自私自利,唯利是图,过河拆桥,尖嘴薄舌,忘恩负义,利令智昏,损人利己"
1604,"不可企及,望尘莫及,不可逾越"
1607,"肥胖,消瘦,瘦弱,肥壮,臃肿,丰腴,肥大,发胖"
1610,"生果,水果"
1613,"朝不虑夕,命在旦夕,奄奄一息,危在旦夕,千钧一发,朝不保夕,老气横秋,死气沉沉,生气勃勃,风中之烛,间不容发,行将就木,气息奄奄,危如朝露,生龙活虎,一发千钧,岌岌可危,摇摇欲坠,风雨飘摇,风前残烛,龙腾虎跃,危如累卵,风烛残年"
1616,"退化,老化,进化"
1619,"预定,预订"
1622,"水渠,水沟,沟渠"
1625,"赢输,胜负,输赢"
1628,"盘缠,旅费,路费,盘川,水脚,川资,盘费"
1631,"出场,进场"
1634,"必修,选修"
1637,"顺便,趁机,伺机,乘机,乘隙,趁便"
1640,"你死我活,不共戴天,势不两立,誓不两立"
1643,"让与,让渡,转让"
1646,"尘埃,灰尘,尘土"
1649,"冷却,加热,沸腾"
1652,"烽火,狼烟,战火"
1655,"初度,首次,初次"
1658,"诽语,谗言"
1661,"分内,本分,天职,本职"
1665,"势在必行,高歌猛进,一往直前,无往不利,勇往直前,一往无前,所向披靡,大势所趋,一帆风顺,势不可挡,所向无敌,一路顺风"
1668,"登岸,登陆,上岸"
1671,"顺行,逆行"
1674,"血印,血迹"
1677,"懒惰,懈怠,怠惰"
1680,"沉没,沉淀"
1683,"一举一动,一言一行,所作所为,一颦一笑"
1686,"直观,直觉"
1689,"犯上作乱,居心不良,人面兽心,心怀叵测,图谋不轨,心怀鬼胎,作奸犯科,别有用心,居心叵测,包藏祸心,违法乱纪,存心不良,佛口蛇心"
1692,"荡然无存,杳如黄鹤,杳无消息,隐姓埋名,不知去向,不翼而飞,风行一时,不胫而走,杳无音信,烟消云散,石沉大海,灰飞烟灭,化为乌有,无影无踪,销声匿迹,销声敛迹,冰消瓦解,偃旗息鼓,付之东流,毁于一旦"
1695,"气焰,魄力,气势,气魄"
1698,"再会,再见"
1701,"前世,尘世,来生,前生,现世,今生,宿世"
1704,"佩戴,佩带"
1707,"兵种,军种"
1710,"开国,建国"
1713,"投奔,投靠"
1716,"报国,叛国,卖国"
1719,"盗窃,偷窃,偷盗"
1722,"羽翼,翅膀,同党,党羽"
1725,"利钱,本金,利息,息金"
1728,"鸡飞蛋打,两败俱伤,人财两空"
1731,"艰苦奋斗,省吃俭用,节衣缩食,艰苦创业,省吃细用,自力更生,奋发图强,克勤克俭,自强不息"
1734,"陪衬,衬托,渲染,烘托"
1737,"国营,公营,私营"
1740,"多半,大都,多数"
1743,"出险,脱险"
1746,"携手,联袂"
1749,"安身之处,安身之地"
1752,"两手空空,自给自足,赤手空拳,手无寸铁,两袖清风,独立自主,自食其力,自力更生,成家立业,白手起家,一无所有,手无寸刃,克绍箕裘,家成业就,安家立业"
1755,"孑然一身,孤家寡人,单枪匹马,无依无靠,形单影只,孤军奋战,顾影自怜,举目无亲,孤苦伶仃"
1758,"迟疑不决,欲言又止,首鼠两端,举棋不定"
1761,"心疼,疼爱"
1764,"壮盛,鼎盛"
1767,"挪用,移用,调用"
1770,"牌号,字号,商标,招牌"
1773,"鼠目寸光,坐井观天,井蛙之见,一得之见,孤陋寡闻,好大喜功,管见所及,急功近利,目光如豆,沽名钓誉,好高骛远,眼高手低,不自量力,志大才疏,一孔之见,急于求成"
1776,"礼仪,礼节"
1779,"刑场,法场"
1782,"公文,文移,公牍,公函"
1785,"诱骗,拐骗,诱拐"
1788,"纳凉,取暖"
1791,"表里如一,心口如一,名实相副,言行一致,货真价实,名不虚传,言而有信,名符其实,名副其实"
1793,"百思不得其解,百思不解"
1796,"投闲置散,十羊九牧,粥少僧多,杯水车薪,无济于事,僧多粥少,于事无补,人浮于事"
1799,"晒台,天台,露台"
1802,"要价,还价"
1805,"上马,下马"
1808,"上限,下限"
1811,"奠基,奠定"
1814,"饰演,扮演"
1817,"放荡不羁,放浪形骸"
1820,"马到成功,一蹴而就,一挥而就,事出有因,顺理成章,瓜熟蒂落,理所当然,水到渠成,迎刃而解"
1823,"晨夕,旦夕,朝夕,夙夜,迟早,日夕,早晚"
1826,"一线生机,一息尚存"
1829,"静脉,主脉,动脉"
1832,"张罗,筹措"
1835,"作弊,舞弊"
1838,"工厂,工场"
1841,"智育,体育,德育"
1844,"瘦骨嶙峋,骨瘦如豺,骨瘦如柴,形销骨立"
1847,"生死与共,同甘共苦,相濡以沫"
1850,"有缘,无缘"
1853,"万能,全能"
1856,"诨名,笔名,别号,别名,绰号,外号,混名,假名,花名,本名,表字"
1859,"异类,同类"
1862,"阴谋诡计,鬼鬼祟祟,诡计多端,心怀叵测,偷偷摸摸"
1865,"序曲,尾声,序幕"
1868,"造次,冒昧"
1871,"安家落户,丰衣足食,安身立命,安居乐业,歌舞升平,国泰民安,天下太平,安营扎寨,河清海晏,安家立业,落地生根"
1874,"首恶,元凶"
1877,"同侪,同辈,平辈"
1880,"青春,芳华"
1883,"无端,无故"
1886,"倾诉,倾吐,诉说"
1889,"坑蒙拐骗,坑绷拐骗"
1892,"迫不得已,万不得已,无可奈何,必不得已,出于无奈,何乐而不为"
1895,"应考,应试"
1898,"空白,空缺"
1901,"大惊失色,大吃一惊"
1904,"幽灵,鬼魂,幽魂,阴魂"
1907,"好事多磨,好景不常,一波三折,乐极生悲,一帆风顺,好景不长"
1910,"公仆,老爷"
1913,"兼并,吞并,并吞,吞噬,占据,淹没,吞没,吞吃"
1916,"搀和,同化,夹杂,混淆,稠浊,混杂,混同,殽杂,羼杂,混合,杂沓,搀杂"
1919,"天崩地裂,沧海桑田,山崩地裂,翻江倒海,排山倒海,大张旗鼓,地动山摇,雷霆万钧,翻天覆地,天塌地陷,天翻地覆,气势磅礴,雷厉风行"
1920,"惨无天日,天朗气清,漆黑一团,暴风疾雨,和风细雨,暗无天日,不见天日,天昏地暗,神志不清,日丽风和,昏天黑地"
1923,"细长,修长,颀长"
1926,"声势,阵容,声威"
1929,"同居,分居,并处,分爨,分家"
1932,"含蓄,露骨,蕴藉,婉转,宛转,委婉"
1935,"梦寐以求,心驰神往,心向往之,求之不得"
1938,"死心塌地,心甘情愿,何乐不为"
1941,"纤弱,纤细"
1944,"瑰宝,法宝,宝物,宝贝,珍宝"
1947,"童叟无欺,公平交易"
1950,"窄小,狭隘,局促,狭窄,忐忑,狭小"
1953,"结伙,结伴"
1956,"迫害,毒害"
1959,"害羞,羞涩,怕羞,腼腆,忸怩,害臊,羞怯"
1962,"毒杀,鸩杀"
1965,"改过,悛改,自新,悔改"
1968,"亵服,内衣"
1971,"替古人担忧,杞人忧天,庸人自扰"
1974,"弥天大谎,欺人之谈"
1977,"狼吞虎咽,饥不择食,食不甘味,慌不择路,大吃大喝"
1980,"南极,北极"
1983,"爱不忍释,交口称誉,爱不释手,喜闻乐见,手不释卷,口碑载道,脍炙人口"
1986,"隔膜,隔阂"
1989,"淘气,顽皮,捣蛋,油滑,任性,乖巧,驯顺,调皮,听话"
1992,"助威,壮胆,恭维,捧场"
1995,"服役,入伍,参军,从军,执戟,当兵,从戎,投军"
1998,"斑白,花白"
2001,"屡战屡败,百战百胜,一败如水,外强中干,一败涂地,战无不胜,摧枯拉朽,所向无敌,三战三北,攻无不克,一触即溃,势如破竹,立于不败之地,所向披靡,不堪一击"
2004,"宵衣旰食,全力以赴,发奋图强,卧薪尝胆,奋发有为,日理万机,励精图治,发愤图强,奋发图强,自强不息"
2007,"奸商,市侩"
2010,"杀气腾腾,凶相毕露,青面獠牙,气势汹汹,张牙舞爪,呲牙咧嘴"
2013,"柔声,大声,低声,高声"
2016,"赶早,及早,趁早"
2019,"干线,支线,主线"
2022,"大破大立,花样翻新,与众不同,独辟蹊径,别树一帜,异乎寻常,破旧立新,移风易俗,不破不立,独树一帜,吐故纳新,独出心裁,别出心裁,标新立异,除旧布新,独具匠心,另起炉灶,别具一格,推陈出新,革故鼎新"
2025,"蠹虫,蛀虫"
2028,"前锋,前卫,时尚,先锋"
2031,"人人自危,惊恐万状,漫不经心,心神不定,心神恍惚,魂不守舍,人心惶惶,无所用心,惶惶不安,三心二意,失魂落魄,六神无主,心不在焉,胆战心惊,心猿意马,提心吊胆"
2034,"黑脸,白脸"
2037,"小节,末节"
2040,"畏首畏尾,瞻前顾后,投鼠忌器,左顾右盼"
2043,"各不相谋,各自为政,独立自主,各行其是,各执一词,自食其力,自立门户,各执己见"
2046,"情面,人情"
2048,"争权夺利,争名夺利,明争暗斗"
2051,"招降纳叛,招兵买马"
2054,"众望所归,德高望重,年高德劭,德才兼备,又红又专"
2057,"斩钢截铁,畅所欲言,斩钉截铁,心直口快,开门见山,当机立断,干净利落,直截了当,直言不讳,言无不尽,和盘托出,指名道姓,直抒己见,单刀直入"
2060,"公费,私费,自费"
2063,"温饱,饱暖,饥寒"
2066,"瓦砾,珠玉"
2069,"架设,埋设"
2072,"打得火热,亲密无间,抱成一团,打成一片,水乳交融,三位一体,浑然一体"
2075,"艳装,艳妆,冶容,盛饰,浓妆"
2078,"直行,横行"
2081,"血缘,血统"
2084,"世态炎凉,人情世故,人情冷暖"
2087,"通饬,通令"
2090,"用武,说理"
2093,"盛会,嘉会"
2096,"招徕,延揽"
2099,"不打不相识,不打不成相识"
2102,"南国,北国"
2105,"弦外之音,言不尽意,言外之意,意味深长"
2108,"感德,感恩,戴德"
2111,"闭卷,开卷"
2114,"委曲求全,逆来顺受,唾面自干,忍气吞声,忍辱负重,含垢忍辱,相忍为国,犯而不校"
2117,"风云人物,风流人物"
2120,"戈壁,沙漠"
2123,"自如,自若,自在"
2126,"杀生,放生"
2129,"偷懒,卖劲"
2132,"书画,字画"
2135,"证据确凿,白纸黑字"
2138,"吊丧,吊祭,吊唁,吊问,丧祭"
2141,"惨败,优胜"
2144,"编纂,编辑"
2147,"内外交困,内忧外患"
2150,"旱路,海路,水路,陆路"
2153,"严阵以待,枕戈待旦,盛食厉兵,厉兵秣马"
2156,"低血压,高血压"
2159,"短兵相接,龙争虎斗,大打出手,大动干戈"
2162,"清一色,大杂烩"
2165,"涟漪,荡漾"
2168,"内勤,外勤"
2171,"一了百当,功德圆满,一了百了,没完没了,寿终正寝,一劳永逸,一笔勾销"
2174,"折腰,垂头,低头"
2178,"殷实,空虚"
2181,"催讨,追讨"
2184,"白眼,青睐"
2187,"违禁,犯禁"
2190,"设身处地,推己及人,度德量力,将心比心,以己度人,身临其境,揆情度理,审时度势"
2193,"卫兵,保镖,警卫,卫士,保镳"
2196,"不肖,孝敬,孝顺,忤逆"
2199,"饱满,丰满,丰润"
2202,"口传,口授"
2205,"世世代代,生生世世"
2208,"溶解,熔解,融解,消融,融化,熔化,溶化"
2211,"荫庇,庇荫"
2214,"家传,祖传"
2217,"壮志凌云,雄心壮志,雄心勃勃,鸿鹄之志"
2220,"有求必应,拒之门外,来者不拒"
2223,"顾而言他,顾左右而言他"
2226,"有形,无形"
2229,"酒宴,便餐"
2232,"未然,已然"
2235,"轰隆,霹雳,霹雷"
2238,"越狱,逃狱"
2241,"矫揉造作,虚张声势,装腔作势"
2244,"纵酒,戒酒"
2247,"如法炮制,依样葫芦"
2250,"印子钱,高利贷"
2253,"投递,送达"
2256,"手印,指摹"
2259,"玩具,玩物"
2262,"建功立事,建功立业"
2265,"耕种,播洒,播种"
2268,"寺院,寺庙,庙宇,古刹"
2271,"风调雨顺,五谷丰登,人寿年丰"
2274,"草鞋,芒鞋"
2277,"方丈,住持"
2280,"汽船,轮船"
2283,"投缳,吊颈,自缢,悬梁,上吊"
2286,"舟子,舵手,梢公,水手,海员,船员"
2289,"闻名遐迩,身败名裂,名扬四海,臭名远扬,声名狼藉,遗臭万年"
2292,"失而复得,珠还合浦,合浦还珠,合浦珠还,原璧归赵"
2295,"岳父,丈人,岳丈"
2298,"口语,白话"
2301,"生火,熄火"
2306,"风卷残云,横扫千军"
2309,"灰溜溜,雄赳赳,气昂昂,兴冲冲"
2312,"兜售,兜销"
2315,"阵脚,阵地"
2318,"光溜溜,光秃秃"
2321,"举事,起事,发难"
2324,"坦克车,装甲车"
2327,"上位,下位"
2330,"黑洞洞,黑沉沉,白茫茫,白花花,白晃晃,明晃晃,黑压压"
2333,"书生,墨客,诗人,骚人,文士,文人"
2336,"音调,调子,曲调"
2339,"幽谷,陡坡,山地,平地,峻岭,高山,深谷"
2342,"鲸吞,蚕食"
2345,"寅吃卯粮,衣不蔽体,寅支卯粮,左支右绌,入不敷出,捉襟见肘,顾此失彼,衣衫褴褛,百孔千疮"
2348,"唯物史观,唯心史观"
2351,"过眼云烟,过眼烟云"
2354,"坐而论道,徒托空言,纸上谈兵"
2357,"褒义词,贬义词"
2360,"腰围,腰身"
2363,"笑意,愁容,笑容,笑脸"
2366,"暖锅,火锅"
2369,"热腾腾,热烘烘,热乎乎"
2372,"入彀,上钩,中计"
2375,"阴性,阳性"
2378,"云端,云霄,云表"
2381,"增高,减低"
2384,"另辟蹊径,独辟蹊径"
2387,"慷慨激昂,热血沸腾,意气风发"
2390,"畅销,抢手,滞销,热销"
2393,"指正,斧正,郢正,匡正,郢政"
2396,"梦呓,呓语,梦话"
2399,"难产,顺产"
2402,"烟消火灭,云消雾散,销声匿迹,雨过天晴,烟消云散"
2405,"预知,先见"
2408,"轻活,重活"
2411,"覆盆之冤,沉冤莫白,含冤负屈,不白之冤"
2414,"后辈,子弟"
2417,"盛装,艳服,轻装"
2420,"抹黑,丢丑,争光,贴金,出丑,丢脸"
2423,"抛头露面,出头露面"
2426,"缓不济急,蜗行牛步,姗姗来迟"
2429,"豪富,赤贫,巨富"
2433,"祝寿,祝嘏"
2436,"东拼西凑,东拉西扯,东挪西借,七拼八凑"
2439,"井水不犯河水,是非分明,明辨是非,是是非非"
2442,"始作俑者,罪魁祸首"
2445,"逊位,让位,退位"
2448,"后盾,后援"
2451,"祸从天降,晴天霹雳"
2454,"整齐,整洁,干净,齐整,井然,脏乱"
2457,"立德,树德"
2460,"园丁,花匠"
2463,"吹捧,揄扬,吹嘘"
2466,"中庸,中和"
2469,"死气,暮气,老气"
2472,"关内,关外"
2475,"标兵,尖兵,哨兵,斥候"
2478,"胜任,称职,守职"
2481,"继室,前妻"
2484,"区区,戋戋"
2487,"死尸,骸骨,尸骨,尸骸"
2490,"地道,隧道"
2493,"笔译,口译"
2496,"老将,宿将"
2499,"铁蒺藜,铁丝网"
2502,"屠宰,宰杀"
2505,"姹紫嫣红,大地回春,推而广之,百花齐放,万紫千红,遍地开花,层出不穷,春暖花开"
2508,"神人,超人"
2511,"趔趄,踉跄"
2514,"完璧归赵,物归原主"
2517,"勤勤恳恳,任劳任怨,任怨任劳"
2520,"小船,划子"
2523,"眼睁睁,眼巴巴"
2526,"镶嵌,修葺,安装,建造,拆卸"
2529,"可叹,可喜,可悲,可乐,可哀"
2532,"苍白,灰白,惨白,红润"
2535,"短工,散工"
2538,"日记,日志"
2541,"烟火,火食,人烟,炊火"
2544,"巡礼,巡行,巡回,巡游"
2547,"收回成命,驷不及舌"
2550,"羞恨,羞愤"
2553,"斑点,黑点"
2556,"虎皮,皋比"
2559,"垫脚石,敲门砖"
2561,"令郎,公子"
2564,"名片,手刺"
2567,"低谷,低潮"
2570,"大老婆,如夫人,小星,小老婆,细姨"
2573,"沾亲带故,沾亲带友"
2576,"泛爱,博爱"
2579,"合算,划算"
2582,"高歌,高唱"
2585,"为民除害,除暴安良"
2588,"饮宴,宴集,宴会"
2591,"夹衣,单衣"
2594,"顶撞,顶嘴"
2597,"攀爬,攀缘,攀高,攀登,登攀"
2600,"神通广大,三头六臂"
2603,"宅兆,坟墓"
2606,"不可磨灭,永垂不朽,流芳百世"
2609,"承情,领情"
2612,"清客,篾片"
2615,"明喻,隐喻,直喻"
2618,"丹青,图画"
2621,"成群结队,三五成群"
2624,"内脏,表皮"
2627,"查访,察访"
2630,"元老,新秀"
2633,"出谋献策,运筹帷幄,出谋划策"
2636,"超额,逾额"
2639,"精耕细作,粗制滥造"
2642,"问鼎,染指"
2645,"末路,死路,绝路"
2648,"感恩戴德,感激涕零,感恩图报"
2651,"抽空,抽暇,抽闲"
2654,"翻滚,翻腾"
2657,"菲薄,微薄"
2660,"作主,作东,作客"
2663,"窥见一斑,窥豹一斑"
2666,"月信,月经,月事"
2669,"请柬,请帖"
2672,"做一天和尚撞一天钟,得过且过,安于现状"
2675,"立业,倾家"
2678,"虚情假意,实心实意"
2681,"青出于蓝,后来居上"
2684,"热天,炎天,冷天,寒天"
2687,"夙兴夜寐,起早摸黑,起早贪黑"
2688,"还乡,回乡,旋里"
2691,"庄稼,农事,稼穑"
2694,"赏月,弄月"
2697,"活捉,生擒"
2700,"出仕,退隐"
2703,"要冲,冲要,要路"
2706,"故交,旧友,故人,故友,素交,故旧"
2709,"黯淡无光,暗淡无光"
2712,"乱哄哄,闹哄哄"
2715,"工头,领班"
2718,"只言片语,三言两语,简明扼要"
2721,"文庙,武庙"
2724,"拜年,贺年"
2727,"义愤填膺,天怒人怨"
2730,"利己,利他"
2733,"颠倒,倒置"
2736,"踵事增华,发扬光大"
2739,"拼凑,凑合"
2742,"开场白,压轴戏"
2745,"气绝,断气"
2748,"邪念,杂念"
2751,"攻城略地,攻城掠地"
2754,"资方,劳方"
2757,"午睡,昼寝"
2760,"胜景,名胜"
2763,"图书,文籍,典籍"
2766,"笼络人心,小恩小惠"
2769,"锦囊妙计,灵丹妙药"
2772,"妆奁,嫁奁,嫁妆"
2775,"粗壮,粗大"
2778,"断然,决然,毅然"
2781,"夜班,白班"
2784,"涂脂抹粉,文过饰非,讳疾忌医"
2787,"佛教,释教"
2790,"朝秦暮楚,言而无信,出尔反尔,朝三暮四,自食其言,食言而肥,朝令夕改,反复无常,空头支票,翻云覆雨"
2793,"闪灼,闪耀,闪烁,闪亮,闪动"
2796,"目眩,眼花"
2799,"山麓,山顶"
2802,"洞房花烛,燕尔新婚"
2805,"白首,白发"
2808,"圣主,仁君,暴君"
2811,"波峰,波谷"
2814,"心肠,心地,心性"
2816,"念经,念佛"
2819,"搅和,搅拌"
2822,"磅礴,雄伟,宏伟,高大,壮观"
2825,"腹泻,泻肚,便秘"
2828,"盗窟,山寨"
2831,"徒劳往返,徒劳无功,不虚此行,劳而无功"
2834,"井然有序,整整齐齐"
2837,"宽免,豁免"
2840,"文弱书生,赳赳武夫"
2843,"败家子,守财奴,吝啬鬼"
2846,"拨乱反正,旋转乾坤"
2849,"养分,营养"
2852,"同寅,同僚"
2855,"幽冥,九泉,地府,阴司,鬼门关"
2858,"抄本,手本"
2861,"弹丸,广漠"
2864,"疾恶如仇,嫉恶如仇"
2867,"青天,上苍,苍天,彼苍"
2870,"起风,刮风"
2873,"百感交集,悲喜交集,感慨万端"
2876,"陵寝,陵园"
2879,"言简意赅,一字千金,惜墨如金"
2882,"怪声怪气,阴阳怪气"
2885,"残茶剩饭,残羹冷炙,残羹剩饭"
2888,"喘气,喘息"
2891,"旷课,缺课"
2894,"走南闯北,深居简出,足不出户"
2897,"蛰居,出山"
2900,"梵衲,沙门,和尚,头陀,僧人,道士"
2903,"作贼心虚,做贼心虚"
2906,"第三者,局外人"
2909,"繁花似锦,满园春色,花红柳绿"
2912,"孝服,凶服,丧服"
2915,"厮闹,瞎闹,胡闹,歪缠,混闹"
2918,"碍眼,刺眼"
2921,"古董,骨董,古玩"
2924,"社会科学,自然科学"
2927,"亵渎,轻渎,侮慢"
2930,"商港,军港"
2933,"剧场,戏院"
2936,"充塞,填塞"
2939,"大处着眼,大处落墨"
2942,"冰点,沸点"
2946,"公有制,私有制"
2949,"熄灯,掌灯"
2952,"祸国殃民,病国殃民,蠹国害民"
2955,"浮泛,虚浮"
2958,"评语,考语"
2961,"游击队,正规军"
2964,"起落,升降"
2967,"妄语,妄言"
2970,"乳母,养娘,干娘"
2973,"奸滑,奸狡,狡猾,刁猾,奸诈"
2976,"外方内圆,外强中干,外刚内柔"
2979,"自怨自艾,怨天尤人"
2982,"世外桃源,极乐世界,洞天福地"
2985,"八竿子打不着,八棍子撂不着"
2988,"拂过,掠过"
2991,"厮混,胡混,鬼混"
2994,"取信,守信"
2997,"徇私,秉公"
3000,"正事,闲事"
3003,"芳香,芬芳,清香"
3006,"素愿,素志,夙愿"
3009,"副食,主食"
3012,"赞不绝口,赞口不绝,誉不绝口,赞叹不已"
3015,"包办代替,越俎代庖"
3018,"淮南鸡犬,一子出家，七祖升天,鸡犬升天"
3021,"辗转反侧,翻来覆去"
3024,"平反,昭雪,雪冤,申雪"
3027,"幻化,变幻"
3030,"绘图,画图"
3033,"害虫,益虫"
3036,"正统,正宗"
3039,"自命,自封"
3042,"忘性,记性"
3045,"棺木,灵柩,灵榇"
3048,"耳环,耳饰"
3051,"接风,拂尘"
3054,"四时,四季,四序"
3057,"利刃,芒刃"
3060,"插科打诨,打诨插科"
3063,"复习,温习"
3066,"反胃,开胃"
3069,"麻麻黑,蒙蒙亮"
3074,"鹞子,纸鸢,风筝"
3077,"帝王,臣子"
3080,"今非昔比,今是昔非,今是昨非"
3083,"形体,形骸"
3086,"家信,乡信,家书"
3089,"权宜之策,缓兵之计,权宜之计"
3092,"不成才,不长进"
3095,"老小,老少,长幼"
3098,"刀耕火种,火耨刀耕,刀耕火耨"
3101,"男大当婚,男大须婚"
3104,"挂花,负伤,挂彩"
3107,"幼童,小童"
3110,"响马,盗贼"
3113,"石匠,石工"
3116,"内服,外用,外敷"
3119,"饭桶,脓包"
